publication_date,actual,var_restricted,var_gprd,var_acts_threats
2019-05-15,5431.0,1399.1591233655417,1720.8909653417322,1712.7833838888582
2019-05-22,4740.0,-425.5000626231704,-354.5209466641354,-559.3345319185537
2019-05-29,-282.0,1245.4008204460952,1099.3589792026396,741.253898652747
2019-06-05,6771.0,-225.4460056881544,-462.4670766123854,-333.26659422840385
2019-06-12,2206.0,-132.49655659054406,49.733252098540106,-239.55950065497746
2019-06-19,-3106.0,293.29373160135583,93.56307489305982,42.855442364616465
2019-06-26,-12788.0,-742.6110565866766,-258.2584382946261,-392.227658200125
2019-07-03,-1085.0,-2262.814936088773,-2357.355804436509,-2460.9750926013694
2019-07-10,-9499.0,-3312.030156871573,-3421.8495450802548,-3825.292058445106
2019-07-17,-3116.0,-1311.2024337036346,-1504.9879033133002,-1706.978422818218
2019-07-24,-10835.0,-2712.651949184372,-2698.982917946785,-3043.141155415291
2019-07-31,-8496.0,-2629.4168554548523,-2352.7483769452047,-2799.005817825291
2019-08-07,2385.0,57.333511126897065,11.862725888811838,-200.72279436852477
2019-08-14,1580.0,-2166.6194479262704,-2040.9114468896223,-2424.0932379285005
2019-08-21,-2732.0,182.0647143893293,-9.072308909362619,-15.34228689383599
2019-08-28,-10027.0,-1544.4553359898746,-1563.5581117391157,-1722.8262775255353
2019-09-04,-4771.0,-1326.5666410707308,-1288.9666681142917,-1606.1350374389185
2019-09-11,-6912.0,-3380.598686907804,-3699.167456690746,-3950.6310924841964
2019-09-18,1058.0,-2513.1823560843113,-2437.4568530664983,-2420.77734093813
2019-09-25,2412.0,-1151.0981889764953,-890.6524292101567,-1134.7259802046756
2019-10-02,3104.0,1256.0013058625045,1150.7087256623963,909.805695412033
2019-10-09,2927.0,2449.461193488256,2280.061085183421,2277.6281773828523
2019-10-16,9281.0,2793.875772490803,2856.882721178212,2573.3872670006604
2019-10-23,-1699.0,2632.7450307031977,3016.5900602824186,2763.164732687379
2019-10-30,5702.0,1192.5494968271669,971.8112217394082,943.9427097779044
2019-11-06,7929.0,-482.3754010523262,-494.310426612883,-769.637756311382
2019-11-13,2219.0,1595.6895258557524,1585.22246261299,1355.8348689493469
2019-11-20,1379.0,1031.9101185302425,1046.2423010433013,809.1015838802741
2019-11-27,1572.0,250.51054712940459,389.1806643805794,384.21409724564
2019-12-04,-4856.0,-1066.5247853706023,-1212.8720398330515,-1389.7432396058357
2019-12-11,822.0,-1929.609457142309,-1690.4129543980744,-1884.9804487328402
2019-12-18,-1085.0,-1817.864653992896,-1838.45571763107,-1964.0550015505796
2019-12-25,-5474.0,-1736.851440661616,-1598.6120044717682,-1750.2555027337075
2020-01-01,-11463.0,-1506.1358449389227,-1680.4992474592618,-1765.8117156926091
2020-01-08,1164.0,-1020.0228928518663,-579.8131636181206,-830.1930061990934
2020-01-15,-2549.0,-979.7971169724697,-500.0979462770629,-341.12367849678776
2020-01-22,-405.0,154.02201259111825,-86.89517510162841,-527.9305150656073
2020-01-29,3548.0,407.06370837721624,-25.47445585699097,-59.87425650638397
2020-02-05,3355.0,2749.744505475701,2431.553283990601,2388.60886106193
2020-02-12,7459.0,1967.6438578375746,2339.5584304049517,1579.6492681066302
2020-02-19,415.0,2019.273177202751,1680.5631978694364,1736.490979274975
2020-02-26,452.0,1360.1199490141917,1592.069641570546,1472.77548536408
2020-03-04,784.0,2096.3474826515667,2219.8394659199366,1914.5309008889963
2020-03-11,7664.0,4866.295737988905,4788.7365873404415,4509.312484624723
2020-03-18,1954.0,2884.7218873337515,2812.4646223115706,3095.260834937475
2020-03-25,1623.0,5322.809873679034,5435.433090334471,5334.1860151279
2020-04-01,13833.0,3432.8712753720392,3770.333206737254,3743.9801813736776
2020-04-08,15177.0,5496.594622671757,5319.384147880155,5079.409838603713
2020-04-15,19248.0,4833.059440462359,4848.928715895234,4750.799819041644
2020-04-22,15022.0,6065.602921968479,6016.423134251949,5811.656723863565
2020-04-29,8991.0,6690.430678734381,6663.58002958547,6724.869561086163
2020-05-06,4590.0,5670.632592134907,6129.64339868024,5841.5279485512
2020-05-13,-745.0,-185.81221418729183,-221.1237293214581,-312.61476431682604
2020-05-20,-4982.0,873.4450631159525,961.6128701296402,948.3516063224051
2020-05-27,7928.0,-314.8988857685763,182.56616828372353,-29.804529464487132
2020-06-03,-2077.0,-1561.1870305959856,-1503.112332887893,-1304.4575582233665
2020-06-10,5720.0,204.3228382928246,266.3031721781881,146.02491377844854
2020-06-17,1215.0,-430.35925912100356,-515.8613786296082,-762.9852311786017
2020-06-24,1442.0,-95.59539129780751,83.11154633397018,64.62280411073516
2020-07-01,-7195.0,577.2301072493465,722.5718651722636,538.676297355225
2020-07-08,5654.0,436.46300038678964,124.49813516292124,191.95957168695168
2020-07-15,-7493.0,-1422.9142978034033,-1165.3635095583013,-1008.6089924007902
2020-07-22,4892.0,119.50093604035646,340.96611727572235,253.35779183623526
2020-07-29,-10611.0,-399.7310287456203,-399.19189844833454,-284.3604876918034
2020-08-05,-7373.0,-156.89739305223702,195.37476757071636,-57.062831895589625
2020-08-12,-4512.0,-3296.061746406973,-3571.991572201474,-3633.124333697884
2020-08-19,-1632.0,-1702.7802226720996,-1358.9666741272922,-1467.1387667805466
2020-08-26,-4689.0,-737.2289733805774,-455.5860502132309,-446.6064358463773
2020-09-02,-9362.0,-1537.3405164487922,-1416.0657552835764,-1649.6855847667211
2020-09-09,2033.0,-2032.1184460971854,-2086.5596324709877,-2742.0352929450673
2020-09-16,-4389.0,705.6670059612625,772.5430976263597,713.0549976412913
2020-09-23,-1639.0,440.53312507999726,552.6327839770856,180.33247653281433
2020-09-30,-1980.0,-726.2370688330084,-985.9010940510852,-914.1258423561521
2020-10-07,501.0,1149.2705007074183,1209.5631929143128,772.6989725687417
2020-10-14,-3818.0,1874.8850483890128,1936.178361674647,1979.98119944079
2020-10-21,-1002.0,1940.185353463752,1963.781271802527,1761.3432446879742
2020-10-28,4320.0,1365.7026114967484,1518.5986435362247,984.917128635363
2020-11-04,-7998.0,2056.587875608362,2033.0409113221176,1879.5012282672687
2020-11-11,4277.0,2429.9635297350833,2375.3944343337353,2201.676184505941
2020-11-18,769.0,819.2733793013613,747.0215658125453,802.6009296858974
2020-11-25,-754.0,603.4633955742429,589.1385731451883,607.6442060778572
2020-12-02,-679.0,-1235.9644623194908,-1119.9851932460297,-976.7083777113512
2020-12-09,15189.0,-1467.4788955888034,-1272.9651659926676,-1268.7745416406215
2020-12-16,-3135.0,-1420.6490954324,-1614.287554963772,-1733.444267946168
2020-12-23,-562.0,734.7953059468819,795.8310397278547,613.5445965805302
2020-12-30,-6065.0,-1043.8523777405244,-891.1076567995333,-1086.3865269008675
2021-01-06,-8010.0,-365.70676072508286,-476.5146083125037,-622.6334354807404
2021-01-13,-3248.0,-202.2705332902624,51.06873951153102,-358.17464835439387
2021-01-20,4352.0,-1657.5479195128682,-1503.3932383644024,-1610.978127126633
2021-01-27,-9910.0,-688.9547599986217,-833.4591541924565,-870.5636477061853
2021-02-03,-994.0,1861.2179429864336,1894.4557650335228,1675.3038863230322
2021-02-10,-6645.0,310.42401976362453,450.3043465404553,332.22537669656595
2021-02-17,-7257.0,664.6348664278703,532.6268073543615,233.36141700697408
2021-02-24,1285.0,-247.85867957045775,-382.5124489095542,-313.634420233946
2021-03-03,21563.0,6084.472216417769,6085.313315812571,6129.1894565339135
2021-03-10,13798.0,7316.7161020027925,7678.1555718154395,7339.690008641008
2021-03-17,2396.0,827.3974704195862,610.2375111308647,410.38447646796703
2021-03-24,1912.0,1417.8780685933416,1741.8789805810666,1683.0628354110158
2021-03-31,-876.0,905.4645242108381,977.9113976632361,722.2775617404513
2021-04-07,-3522.0,2178.845069839783,2238.899332038469,1917.7620011025065
2021-04-14,-5890.0,2178.06453024214,2082.607491092167,2101.965645925775
2021-04-21,594.0,1872.9998163407581,1802.6181017733288,1629.0637931418896
2021-04-28,90.0,1890.2600786230942,2236.9790325555587,1955.5476530714404
2021-05-05,-7990.0,-175.86780052020185,-209.01691838055922,-373.23143032745793
2021-05-12,-426.0,-888.7759713485284,-1130.945132548597,-1038.9783403423535
2021-05-19,1320.0,-129.7737270378857,-290.76136489747296,-134.2396447068786
2021-05-26,-1662.0,76.85364766770363,581.6672894877738,125.68172480658905
2021-06-02,-5079.0,-405.9534150333784,-267.5220669172304,-439.9854144693236
2021-06-09,-5241.0,-2260.822693504837,-2523.8989172763613,-2645.2705309162666
2021-06-16,-7355.0,-2869.4061339632826,-3088.0433749823933,-3447.3153957438262
2021-06-23,-7614.0,-2407.05715315789,-2232.302517895885,-2361.2309282272545
2021-06-30,-6718.0,-1689.9566224657465,-1453.3826501960357,-1768.0504996832315
2021-07-07,-6866.0,-3188.284574715093,-3558.6807397482116,-4120.739329735148
2021-07-14,-7896.0,-2352.3397236618257,-2283.446838889082,-2163.4257586847707
2021-07-21,2107.0,-2328.0733240766203,-2497.6465557487027,-2568.10682603826
2021-07-28,-4089.0,-2140.6167676631085,-1903.3380890190092,-1701.9073149368633
2021-08-04,3627.0,-149.9611409865538,-0.8716906848276267,-143.3969765179936
2021-08-11,-448.0,-1774.4585800492205,-1860.5142416662638,-2006.8696773181837
2021-08-18,-3233.0,-657.0680082142717,-497.8894449023428,-752.1870499034194
2021-08-25,-2980.0,-627.7021789837308,-384.90472701275576,-671.2077418821282
2021-09-01,-7169.0,-1667.7208404085468,-1593.7879211042637,-1378.2293909468935
2021-09-08,-1528.0,-2568.7763887970505,-2508.206850608054,-2996.451057967475
2021-09-15,-6422.0,705.2945983592217,411.1397234634933,316.96953330119504
2021-09-22,-3481.0,-2541.043587796201,-2546.69759661064,-2634.684712848939
2021-09-29,4578.0,-4747.481452575608,-4668.39112342638,-4483.857104290881
2021-10-06,2345.0,1176.9500897121325,911.6602646520696,492.2310358968789
2021-10-13,6088.0,160.52086371964106,403.0731302674176,331.7902085601163
2021-10-20,-431.0,2648.2331707183985,2518.9255734936487,2401.476561612759
2021-10-27,4268.0,1505.066823747744,1670.1323955119442,1522.0601927197313
2021-11-03,3290.0,131.98608673112176,188.21221741194313,-77.82263533902005
2021-11-10,1002.0,824.1793319774151,777.2893401875845,667.0685198147694
2021-11-17,-2101.0,977.8833685754144,932.7541502495151,382.44321920523
2021-11-24,1017.0,277.61449075297423,533.4729850164222,317.12414851144786
2021-12-01,-909.0,-1501.613239714301,-1509.5120266323283,-1986.7030001714156
2021-12-08,-241.0,-1192.4525764878854,-1380.3644601481938,-1687.6975408220023
2021-12-15,-4584.0,183.81090395880892,570.1808299684053,-244.02311703775558
2021-12-22,-4715.0,-1814.806786987734,-1905.6005197018421,-2321.3406283173317
2021-12-29,-3576.0,-2443.5344738876083,-2629.549514962462,-3070.4405049817433
2022-01-05,-2144.0,-1034.8444413357938,-1089.5949374851443,-1448.8511461979033
2022-01-12,-4553.0,-596.2904743378385,-722.1383271406812,-1362.039446692117
2022-01-19,515.0,-811.1843582214497,-611.523948296719,-1449.2170849069153
2022-01-26,2377.0,-1516.5172104065787,-1479.4830822518124,-2016.0130512795877
2022-02-02,-1047.0,188.72799679640593,472.79948165957103,197.27368742032195
2022-02-09,-4756.0,1132.0288494992928,1074.5486641355346,643.1609234139287
2022-02-16,1121.0,-504.2366820218667,-822.6219280934456,-1504.3333799036045
2022-02-23,4514.0,1835.3308662019408,1936.0823185970548,1386.9897512168573
2022-03-02,-2597.0,909.6300552924513,947.1321943846488,329.8294843884469
2022-03-09,-1863.0,3105.103358459448,3478.987049405845,2836.3133971859206
2022-03-16,4345.0,-1047.4733848792093,-1463.539278827233,-2199.0897131744423
2022-03-23,-2508.0,-238.14595113936957,-414.15019023891364,-727.3771978587793
2022-03-30,-3449.0,3359.8671122911765,3064.107259397817,2775.1779197241194
2022-04-06,2421.0,304.4067632234146,180.7839018021732,-177.11783720181847
2022-04-13,9382.0,2199.237387208166,1917.423700553496,1742.2536536123444
2022-04-20,-8020.0,4749.388996309441,4616.573103089955,4327.292520161391
2022-04-27,691.0,1842.2449861283676,1682.5474620227287,1415.1639350682344
2022-05-04,1303.0,-701.703729208748,-984.3153056508927,-1007.9652880307331
2022-05-11,8487.0,538.1469855161558,378.35728777985787,160.47565755195683
2022-05-18,-3394.0,-568.8337857400184,-636.8133182591846,-746.1937862637533
2022-05-25,-1019.0,207.98347197605472,183.7331635141527,61.45234654679007
2022-06-01,-5068.0,-2908.24578375923,-2968.98802707711,-3138.588927056302
2022-06-08,2025.0,-703.1145017837334,-839.7732882586315,-1010.4166941932563
2022-06-15,1956.0,-2712.031851524829,-2780.5712172929416,-2823.395882810688
2022-06-22,-386.0,-1326.951716533069,-1469.9350684339515,-1723.7041277077187
2022-06-29,-2762.0,-28.716989232278138,-71.41198733965211,-267.081806458169
2022-07-06,8234.0,-990.6322695846975,-835.9426840996857,-1062.2825424256407
2022-07-13,3254.0,-1786.8723465435032,-2053.6630659311777,-2269.037191693562
2022-07-20,-445.0,-240.15741516361595,-231.17381595692132,-257.87606188553764
2022-07-27,-4523.0,-113.85729453324893,157.10708361130673,-162.9545324874416
2022-08-03,4467.0,-689.5276965270023,-853.4586820234945,-1028.9752410917135
2022-08-10,5457.0,-199.6533330841994,-223.77126126835356,-635.5530760647016
2022-08-17,-7056.0,-712.5876534705967,-546.1677878531154,-678.0542218354531
2022-08-24,-3282.0,-498.67587001182255,-711.9549989088628,-1160.3751066171899
2022-08-31,-3326.0,-1422.86367357392,-1504.5762446797926,-1471.2284244910843
2022-09-07,8845.0,-2506.501088318888,-2568.247292118722,-2714.7222749030625
2022-09-14,2442.0,-611.2001362435549,-685.6300804657476,-860.0525301808048
2022-09-21,1141.0,-37.90875883001718,-103.78554304216232,-280.5564550303752
2022-09-28,-215.0,-2658.6023314556733,-2639.2332665289287,-2835.9310893298607
2022-10-05,-1356.0,2696.7683564947583,2879.187183953167,2867.3165526708253
2022-10-12,9879.0,1688.517181423711,1583.2444574838446,1154.5250907121444
2022-10-19,-1725.0,734.6241736754964,734.8518210570328,312.314553302429
2022-10-26,2588.0,1698.8791188368668,1521.122542850033,1412.4781717356054
2022-11-02,-3115.0,1462.6668277474273,1420.1907731711835,1130.735689492758
2022-11-09,3925.0,-455.5906030576225,-464.15128050715794,-714.7131710407557
2022-11-16,-5400.0,-396.93785139480315,-378.8490608508655,-482.5387120350824
2022-11-23,-3690.0,708.7092212657444,551.065766720003,242.7900957907259
2022-11-30,-12581.0,-271.8431995210485,-385.0894564490736,-471.1181737101433
2022-12-07,-5186.0,-1913.596027501444,-2015.3415219661474,-2025.9139117613195
2022-12-14,10231.0,-3025.6351354384533,-2950.8922348783526,-3116.091720796452
2022-12-21,-5895.0,209.62399883953913,251.39779699578503,312.26890670379726
2022-12-28,718.0,-291.3830860264716,-356.9925978417232,-508.04899491617834
2023-01-04,1694.0,-1931.100097545379,-1897.9465963564144,-1927.7931794982942
2023-01-11,18961.0,5503.430851433142,5425.453344550955,5464.127285937528
2023-01-18,8408.0,-376.99524849331647,-514.9761795032064,-535.501674157902
2023-01-25,533.0,1289.5277188780237,1393.9241349576769,1434.1075671959406
2023-02-01,4140.0,1194.8422017141056,1221.2685512153475,1084.7887916216496
2023-02-08,2423.0,823.1749852467838,842.7663177314098,839.967246775861
2023-02-15,16283.0,1093.6242150612088,1150.619452880932,1172.1867080164811
2023-02-22,7647.0,3236.030968154999,3197.066655828785,2992.329916850398
2023-03-01,1166.0,3797.9063671125914,3865.686129855494,3771.8504232296873
2023-03-08,-1694.0,4122.224794181078,3974.6209876631365,3687.1292924926674
2023-03-15,1550.0,1853.277855520777,1859.3301228364217,1811.0782405951904
2023-03-22,1117.0,919.0426834691789,897.782015055036,953.870471136881
2023-03-29,-7489.0,3383.1517716514245,3263.8515581136817,3087.33693678489
2023-04-05,-3739.0,1385.964265412833,1335.531960812521,1325.764851564636
2023-04-12,597.0,1016.0212566162227,952.5279200932928,763.8302660682457
2023-04-19,-4581.0,1094.7100746149881,1235.9941199454624,1110.7415966170702
2023-04-26,-5054.0,751.6764098563945,640.2742097670634,469.2509914590628
2023-05-03,-1281.0,-195.85871421141928,-95.14538499513219,-325.3712518499706
2023-05-10,2951.0,-573.9593457391384,-653.9006107970963,-606.9424554514771
2023-05-17,5040.0,1365.3637631086895,1304.955502331395,1468.1872253982256
2023-05-24,-12456.0,-94.69960926075873,113.67340007127495,30.390453577081644
2023-05-31,4489.0,143.42294212215347,94.66905624184437,19.24320554179576
2023-06-07,-452.0,-2467.3257161728397,-2742.8684082621694,-2719.1970705220992
2023-06-14,7919.0,-1048.3816392757362,-765.2119949901098,-834.4594802129868
2023-06-21,-3831.0,23.29939583598025,-215.96887797697855,-302.27470270643244
2023-06-28,-9603.0,-57.90589461970376,165.37807736609102,42.78185801785003
2023-07-05,-1508.0,-2121.0620275647234,-2158.9939327486063,-2217.828727457796
2023-07-12,5946.0,-1424.984132885853,-1620.847617761392,-1727.1446265158593
2023-07-19,-708.0,-2634.4175286399695,-2503.63317364025,-2749.8525362074142
2023-07-26,-600.0,-2111.9609024396923,-2227.568540560722,-2131.5566846030124
2023-08-02,-17049.0,-1007.35961219811,-1046.8435885119834,-1292.0377722657577
2023-08-09,5851.0,-2298.325980021291,-2261.4711580525836,-2196.582674700934
2023-08-16,-5960.0,-2229.960431716114,-2290.4655676091425,-2408.071889822444
2023-08-23,-6134.0,-1373.3588989692216,-1268.7291899279953,-1308.4272729925651
2023-08-30,-10584.0,-1508.7906555255104,-1651.17739868231,-1688.2039110633195
2023-09-06,-6307.0,-1842.0795673824832,-1991.023411024631,-2038.2899983408424
2023-09-13,3955.0,-3143.450795441473,-3078.269235857202,-3356.9116908856777
2023-09-20,-2136.0,-3229.4296033791034,-3255.4784224480645,-3426.01788981149
2023-09-27,-2169.0,-613.6056338582566,-411.2883693910553,-607.1167156507217
2023-10-04,-2224.0,1055.7635444701154,972.9701763448138,755.8368829267056
2023-10-11,10176.0,1796.6249668628843,1623.6606101959005,1333.4435359582458
2023-10-18,-4491.0,3636.387144997414,4008.595947037531,3964.6997304791876
2023-10-25,1372.0,2105.200460498643,2295.204483855752,2186.686848256657
2023-11-01,773.0,534.3301528525844,418.9452895721697,242.33649725325085
2023-11-08,13869.0,738.7969770042728,479.1007739952511,576.1201768099818
2023-11-15,3592.0,2167.4603208028784,2064.691104656864,2051.1914999181936
2023-11-22,8700.0,2397.648004343595,2368.3207444147993,2548.8434452543042
2023-11-29,1610.0,1482.1283689631455,1400.6240497091203,1413.6646619161947
2023-12-06,-4633.0,-1573.77260754061,-1556.214852817804,-1383.0293005957865
2023-12-13,-4258.0,-2663.019059329141,-2718.102943476988,-2620.4986978553425
2023-12-20,2909.0,-947.2075105526164,-916.9416775102436,-552.001255201023
2023-12-27,-7114.0,-2104.5712012523727,-2169.8507310328496,-2239.062695205743
2024-01-03,-5503.0,-971.6765457218789,-1093.459103265668,-875.82446847557
2024-01-10,1338.0,-1916.9033754953343,-1784.3662985660121,-1739.03710819767
2024-01-17,-2492.0,-296.23790482968616,-338.68130809369904,-252.16107374353305
2024-01-24,-9233.0,-681.2420420729395,-705.7298642899477,-620.4946008492188
2024-01-31,1234.0,1336.600503720183,1257.2189955511494,1371.3255060334195
2024-02-07,5520.0,1799.7341508998434,1808.1990526293048,1958.8163585114962
2024-02-14,12018.0,1752.7813936844323,1578.8933170314958,1919.6436702922729
2024-02-21,3514.0,3706.2181449678574,3740.3556921768068,3791.5424248801646
2024-02-28,4199.0,2221.209926638814,2221.0882216714235,2462.910911686784
2024-03-06,1367.0,2316.553352431234,2343.3980523830214,2524.301707390725
2024-03-13,-1536.0,1089.9482657215558,907.7340864266152,779.4307981107049
2024-03-20,-1952.0,1263.6339869219446,1341.5299474562926,1398.3487672441406
2024-03-27,3165.0,910.2903484538765,891.5530990332336,946.7255478980151
2024-04-03,3210.0,991.0962264186674,923.0606465433593,972.1067529321081
2024-04-10,5841.0,1890.0173840787465,1928.1832401088323,2091.917417789329
2024-04-17,2735.0,2133.8287994993007,2094.115676683654,2179.6628133201957
2024-04-24,-6368.0,2122.9825762747787,2263.634655150927,2416.8791971449864
2024-05-01,7265.0,581.313681981228,433.60595677054516,442.74596633431065
2024-05-08,-1362.0,616.9784627639601,608.1657194797153,202.287720051434
2024-05-15,-2508.0,922.5293232830227,777.3313269835271,775.8034447810714
2024-05-22,1825.0,-475.07431568348693,-416.70070292854507,-315.98596317604097
2024-05-29,-4156.0,-783.6531526319959,-812.8865882851169,-640.4123007285889
2024-06-05,1233.0,-2150.6987026174975,-2208.8072584947804,-2176.4684931958254
2024-06-12,3730.0,-1161.13131419829,-1225.048456234479,-1475.6608802261107
2024-06-19,-2547.0,-427.184572238235,-470.6047924856757,-297.91943910562986
2024-06-26,3591.0,-55.8171414048702,-33.25216750038089,66.65493375026563
2024-07-03,-12157.0,-1330.567540140044,-1300.8138674465154,-1343.1644785855533
2024-07-10,-3443.0,-2721.3231686258805,-2909.389172916679,-3027.6388845485926
2024-07-17,-4870.0,-3721.4616061703346,-3685.5511010407427,-3674.189376647373
2024-07-24,-3741.0,-1570.54177124313,-1648.599846854304,-1536.0278443237185
2024-07-31,-3436.0,-568.2527424280997,-422.7453461315745,-335.8392069182446
2024-08-07,-3728.0,-424.0800853591936,-424.4281911332873,-234.62697093220777
2024-08-14,1357.0,-1076.3054886679456,-960.1174605290871,-1164.0299617309793
2024-08-21,-4649.0,-2070.8448560793695,-2111.8839831213554,-2176.6165482971555
2024-08-28,-846.0,-1944.319039305723,-1960.3023161975798,-1841.1378539290963
2024-09-04,-6873.0,-2415.287068584301,-2388.51243686831,-2161.0480646303986
2024-09-11,833.0,-1871.8938108451403,-1924.1439264283836,-1889.9514976714054
2024-09-18,-1630.0,-1388.8632963471682,-1501.9387161579943,-1174.3530732747895
2024-09-25,-4471.0,-1077.328997361561,-1150.3425406528404,-1242.7145358309572
2024-10-02,3889.0,289.12627906729176,311.8932810163169,352.4803777733905
2024-10-09,5810.0,2959.872828568041,3018.3937594458293,3037.048567230402
2024-10-16,-2191.0,1582.8513259616666,1485.6062901943951,1659.4869690126434
2024-10-23,5474.0,989.9122186263558,985.4615200973785,785.6335351755806
2024-10-30,-515.0,984.244936467745,1002.5591934202421,1375.2375451776898
2024-11-06,2149.0,1141.8543209061536,1171.2245427705275,1008.6083452470339
2024-11-13,2089.0,-70.9851979490195,-178.38434616406448,-219.43267708185886
2024-11-20,545.0,62.301113532827,49.60297278888902,115.9333787985961
2024-11-27,-1844.0,1125.5156903165334,1214.3545881486352,1012.2092133296901
2024-12-04,-5073.0,-1413.1208573834883,-1390.7596317456264,-1333.8305765827827
2024-12-11,-1425.0,-2952.5055101631806,-2912.298705643945,-3019.8672990329796
2024-12-18,-934.0,-849.550131868491,-986.1213692129095,-850.018337187561
2024-12-25,-4237.0,-2264.992644080914,-2289.349686071124,-2098.6221455471095
2025-01-01,-1178.0,-1128.5918667922888,-1249.259439690286,-1052.977297693149
2025-01-08,-959.0,-1191.8524079395356,-1235.7647612419387,-1169.316037408993
2025-01-15,-1962.0,-1353.824303417423,-1350.3067686477589,-1197.8221765328344
2025-01-22,-1017.0,-657.0926767671917,-705.6182361521423,-465.87587490120495
2025-01-29,3463.0,1692.6986537459888,1632.3364060952517,1243.9018611299325
2025-02-05,8664.0,2513.124393990842,2708.4449112471193,2851.9614519102797
2025-02-12,4070.0,2680.1247480702186,2503.393911132902,2617.5988270958696
2025-02-19,4633.0,2781.9337007381037,2790.6134699725153,2757.4572876864077
2025-02-26,-2332.0,2302.310971656072,2404.0116941227716,2287.272332135475
2025-03-05,3614.0,1583.0645247062566,1620.0698201790874,1429.5619844110006
2025-03-12,1448.0,2947.533632710125,2853.7234927246245,3203.6181253047216
2025-03-19,1745.0,2374.34319659659,2471.8873271333396,2284.436754526665
2025-03-26,-3341.0,2293.6561855006075,2212.2274173190453,2118.3755378046953
2025-04-02,6165.0,1575.7187119248483,1437.2284700678865,1307.3109085454307
2025-04-09,2553.0,2338.495899169393,2237.072294808906,2330.8905333303082
2025-04-16,515.0,3357.0950329457337,3365.228431150288,3188.762838283641
2025-04-23,244.0,2784.0982963742063,2749.6696512427297,2687.048655470051
2025-04-30,-2696.0,1362.60695461071,1382.1118178505712,1292.2705507477185
2025-05-07,-2032.0,-213.27217981075228,-262.14919496550283,-370.2403370233151
2025-05-14,3454.0,-274.0928291511955,-257.9095500076219,-484.5051111208595
2025-05-21,1328.0,-690.7288498096605,-713.4709268753722,-795.7201066384587
2025-05-28,-2795.0,-54.16607797620236,-47.494780973225716,-264.8407870319643
2025-06-04,-4304.0,-272.54529765845655,-395.2817066050775,-550.1629205284189
2025-06-11,-3644.0,-2403.169986554698,-2417.0923735158285,-2604.944899002614
2025-06-18,-11473.0,-2337.5210072682676,-2440.894339788363,-2569.3704061285243
2025-06-25,-5836.0,-2170.4552353822073,-2095.9172998206777,-2285.8986546239685
2025-07-02,3845.0,-3966.923867714999,-3990.903871179202,-4459.0143405493145
2025-07-09,7070.0,-1047.370744969121,-1366.1736686483928,-1491.1891502978178
2025-07-16,-3859.0,-729.9800407463263,-922.8411748751096,-1186.9502383176005
2025-07-23,-3169.0,-1398.136891014161,-1378.727021947183,-1418.329767082585
2025-07-30,7698.0,-2449.7766889166087,-2461.782203217459,-2607.5205847644756
2025-08-06,-3029.0,-1032.8225300128033,-952.4040729566477,-1146.9985548503682
2025-08-13,3036.0,-2197.7310877538257,-2200.280327039014,-2390.5916255453994
2025-08-20,-6014.0,-1318.8633646537419,-1322.8236400745009,-1603.8853233220361
2025-08-27,-2392.0,-1142.5388985742247,-1133.8927728039926,-1357.1483104211366
2025-09-03,2415.0,-1659.3075998089262,-1839.6948748779832,-1844.3769616250356
2025-09-10,3939.0,-2184.26306250201,-2149.251808260764,-2387.7260533733424
2025-09-17,-9285.0,-1035.5720111409828,-1107.03771026076,-1180.3204196403676
2025-09-24,-607.0,-1003.263698938048,-1005.5348025429921,-1170.1554768323622
2025-10-01,1792.0,-135.2326619674859,-109.27591019452666,-148.98528449865262
2025-10-08,3715.0,1164.2971651735206,1139.8415467940504,995.9047924190381
2025-10-15,3524.0,1461.8007193670564,1610.784036504876,1444.5444601290437
2025-10-22,-961.0,5039.28464799155,4985.279806430346,5050.2145500492625
2025-10-29,-6858.0,166.4658439431587,72.29753553831688,46.2523037559622
2025-11-05,5202.0,1166.0758046158007,1132.5066896973476,1037.4203389788781
2025-11-12,6413.0,335.88509875033196,248.3691759138601,48.939893289250904
2025-11-19,-3426.0,379.5506987690678,203.1427219847501,253.08332840252115
2025-11-26,2774.0,343.56414040969685,377.0510716691788,262.1266661439513
2025-12-03,574.0,-2252.7510495426104,-2068.9289702782844,-2159.8463867527607
2025-12-10,-1812.0,-2373.08364825818,-2394.991193517024,-2706.651617060066
2025-12-17,-1274.0,-2163.4372389909913,-2262.177325531251,-2291.2486064368495
2025-12-24,405.0,-1800.446662368733,-1653.6407023857682,-1843.1771738553725
2025-12-31,-1934.0,-1294.003905743666,-1413.243426327812,-1404.7770485219298
2026-01-07,-3832.0,-761.5161616188852,-704.7233189808903,-782.0482692881997
2026-01-14,3391.0,-1633.3567912681683,-1521.8928076984157,-1644.1750804414914
2026-01-21,3602.0,-1545.750798389745,-1635.397926388061,-2046.9301185584482
2026-01-28,-2295.0,505.81541826294415,448.2489804637662,72.23546299255395
2026-02-04,-3455.0,1911.2601630685385,1810.727315951146,1421.17771639704
2026-02-11,8530.0,-465.4776089656225,-480.55335702523735,-789.8005791672622
2026-02-18,-9014.0,1891.9227300038256,1736.9132668957827,1442.3102329948924
2026-02-25,15989.0,1675.9736786527428,1568.360505897479,1610.2816379531723
2026-03-04,3475.0,1801.2172780154287,1996.1970046934293,1683.186900654291
2026-03-11,3824.0,2627.2345340434113,2966.116677510792,2179.7446076008055
2026-03-18,6156.0,-2393.8472711839204,-2400.83039501615,-2726.801059942605
2026-03-25,6926.0,116.98099487969012,58.57195842884539,215.20536637684563
2026-04-01,5451.0,1437.9879505397257,1499.4348813796387,1699.1210877465273
2026-04-08,3081.0,2425.0813949721996,2444.6216538623776,2378.274502672004
2026-04-15,-913.0,2308.892305540161,2243.8865600961435,2343.062274857355
2026-04-22,1925.0,2956.084382278357,3115.4071948828314,3182.750531194906
2026-04-29,-6234.0,3378.3438247805752,3244.591953744497,3175.3452087345395
2026-05-06,-2313.0,-983.1938900414098,-1171.7923886571516,-1335.0315254867965
2026-05-13,-4306.0,-1249.0909966030522,-1235.4286054479635,-1152.0065430159302
2026-05-20,-7863.0,-240.94747369168908,-207.49453634506426,-228.36335279060586
2026-05-27,-3327.0,-1268.6258947417664,-1449.8271171594024,-1433.2538510869344
2026-06-03,-7974.0,-2254.5189700544142,-2336.6738990635786,-2310.920099232837
2026-06-10,-7227.0,-634.3785498907382,-616.5448986620904,-749.9686499068193
2026-06-17,-8263.0,-2264.0988052651883,-2322.417441526479,-2395.0759315460673
2026-06-24,-6088.0,-2066.237254154097,-2042.0846603818281,-2091.720174887123
2026-07-01,-3775.0,-1739.8326722581332,-1876.89634082064,-2005.6749789469977
