;DOE Total Change in Crude Oil Inventories;BN_SURVEY_MEDIAN;BN_SURVEY_AVERAGE;BN_SURVEY_NB_OF_ESTIMATIONS
09/11/1990;1644;N/A;N/A;N/A
16/11/1990;-5743;N/A;N/A;N/A
23/11/1990;-3025;N/A;N/A;N/A
30/11/1990;2587;N/A;N/A;N/A
07/12/1990;-5498;N/A;N/A;N/A
14/12/1990;-1258;N/A;N/A;N/A
21/12/1990;1838;N/A;N/A;N/A
28/12/1990;-6072;N/A;N/A;N/A
04/01/1991;-7613;N/A;N/A;N/A
11/01/1991;898;N/A;N/A;N/A
18/01/1991;-1389;N/A;N/A;N/A
25/01/1991;-8;N/A;N/A;N/A
01/02/1991;3211;N/A;N/A;N/A
08/02/1991;1210;N/A;N/A;N/A
15/02/1991;5919;N/A;N/A;N/A
22/02/1991;-1095;N/A;N/A;N/A
01/03/1991;212;N/A;N/A;N/A
08/03/1991;-1672;N/A;N/A;N/A
15/03/1991;6375;N/A;N/A;N/A
22/03/1991;873;N/A;N/A;N/A
29/03/1991;4737;N/A;N/A;N/A
05/04/1991;-5901;N/A;N/A;N/A
12/04/1991;4498;N/A;N/A;N/A
19/04/1991;-3086;N/A;N/A;N/A
26/04/1991;5544;N/A;N/A;N/A
03/05/1991;-3720;N/A;N/A;N/A
10/05/1991;-235;N/A;N/A;N/A
17/05/1991;5992;N/A;N/A;N/A
24/05/1991;-573;N/A;N/A;N/A
31/05/1991;6877;N/A;N/A;N/A
07/06/1991;133;N/A;N/A;N/A
14/06/1991;799;N/A;N/A;N/A
21/06/1991;-1378;N/A;N/A;N/A
28/06/1991;-3053;N/A;N/A;N/A
05/07/1991;1279;N/A;N/A;N/A
12/07/1991;-1055;N/A;N/A;N/A
19/07/1991;-1785;N/A;N/A;N/A
26/07/1991;-3769;N/A;N/A;N/A
02/08/1991;676;N/A;N/A;N/A
09/08/1991;1714;N/A;N/A;N/A
16/08/1991;-1933;N/A;N/A;N/A
23/08/1991;5304;N/A;N/A;N/A
30/08/1991;1902;N/A;N/A;N/A
06/09/1991;-9608;N/A;N/A;N/A
13/09/1991;-6567;N/A;N/A;N/A
20/09/1991;131;N/A;N/A;N/A
27/09/1991;4707;N/A;N/A;N/A
04/10/1991;-1421;N/A;N/A;N/A
11/10/1991;3333;N/A;N/A;N/A
18/10/1991;-2460;N/A;N/A;N/A
25/10/1991;8821;N/A;N/A;N/A
01/11/1991;-6078;N/A;N/A;N/A
08/11/1991;3815;N/A;N/A;N/A
15/11/1991;5136;N/A;N/A;N/A
22/11/1991;-6008;N/A;N/A;N/A
29/11/1991;-5457;N/A;N/A;N/A
06/12/1991;5574;N/A;N/A;N/A
13/12/1991;-6038;N/A;N/A;N/A
20/12/1991;-4152;N/A;N/A;N/A
27/12/1991;-10080;N/A;N/A;N/A
03/01/1992;5471;N/A;N/A;N/A
10/01/1992;3491;N/A;N/A;N/A
17/01/1992;-1176;N/A;N/A;N/A
24/01/1992;5671;N/A;N/A;N/A
31/01/1992;-4416;N/A;N/A;N/A
07/02/1992;-200;N/A;N/A;N/A
14/02/1992;-1807;N/A;N/A;N/A
21/02/1992;3175;N/A;N/A;N/A
28/02/1992;7021;N/A;N/A;N/A
06/03/1992;6570;N/A;N/A;N/A
13/03/1992;-5445;N/A;N/A;N/A
20/03/1992;3531;N/A;N/A;N/A
27/03/1992;-5520;N/A;N/A;N/A
03/04/1992;-4110;N/A;N/A;N/A
10/04/1992;8455;N/A;N/A;N/A
17/04/1992;2806;N/A;N/A;N/A
24/04/1992;802;N/A;N/A;N/A
01/05/1992;1964;N/A;N/A;N/A
08/05/1992;-660;N/A;N/A;N/A
15/05/1992;1295;N/A;N/A;N/A
22/05/1992;-4589;N/A;N/A;N/A
29/05/1992;-2646;N/A;N/A;N/A
05/06/1992;175;N/A;N/A;N/A
12/06/1992;796;N/A;N/A;N/A
19/06/1992;-6301;N/A;N/A;N/A
26/06/1992;-10904;N/A;N/A;N/A
03/07/1992;-947;N/A;N/A;N/A
10/07/1992;2663;N/A;N/A;N/A
17/07/1992;-6365;N/A;N/A;N/A
24/07/1992;-26;N/A;N/A;N/A
31/07/1992;5791;N/A;N/A;N/A
07/08/1992;-1654;N/A;N/A;N/A
14/08/1992;-993;N/A;N/A;N/A
21/08/1992;4604;N/A;N/A;N/A
28/08/1992;-7452;N/A;N/A;N/A
04/09/1992;1610;N/A;N/A;N/A
11/09/1992;-683;N/A;N/A;N/A
18/09/1992;836;N/A;N/A;N/A
25/09/1992;-4734;N/A;N/A;N/A
02/10/1992;3100;N/A;N/A;N/A
09/10/1992;-779;N/A;N/A;N/A
16/10/1992;2244;N/A;N/A;N/A
23/10/1992;1025;N/A;N/A;N/A
30/10/1992;3406;N/A;N/A;N/A
06/11/1992;-6241;N/A;N/A;N/A
13/11/1992;-7041;N/A;N/A;N/A
20/11/1992;5556;N/A;N/A;N/A
27/11/1992;1547;N/A;N/A;N/A
04/12/1992;-735;N/A;N/A;N/A
11/12/1992;5572;N/A;N/A;N/A
18/12/1992;-319;N/A;N/A;N/A
25/12/1992;-11789;N/A;N/A;N/A
01/01/1993;590;N/A;N/A;N/A
08/01/1993;-2632;N/A;N/A;N/A
15/01/1993;7931;N/A;N/A;N/A
22/01/1993;-1166;N/A;N/A;N/A
29/01/1993;2002;N/A;N/A;N/A
05/02/1993;3823;N/A;N/A;N/A
12/02/1993;6691;N/A;N/A;N/A
19/02/1993;-10322;N/A;N/A;N/A
26/02/1993;7883;N/A;N/A;N/A
05/03/1993;5941;N/A;N/A;N/A
12/03/1993;5607;N/A;N/A;N/A
19/03/1993;-13182;N/A;N/A;N/A
26/03/1993;7898;N/A;N/A;N/A
02/04/1993;519;N/A;N/A;N/A
09/04/1993;11524;N/A;N/A;N/A
16/04/1993;-9260;N/A;N/A;N/A
23/04/1993;1095;N/A;N/A;N/A
30/04/1993;2697;N/A;N/A;N/A
07/05/1993;422;N/A;N/A;N/A
14/05/1993;5452;N/A;N/A;N/A
21/05/1993;3114;N/A;N/A;N/A
28/05/1993;-3818;N/A;N/A;N/A
04/06/1993;-1761;N/A;N/A;N/A
11/06/1993;-7914;N/A;N/A;N/A
18/06/1993;9253;N/A;N/A;N/A
25/06/1993;6290;N/A;N/A;N/A
02/07/1993;-8154;N/A;N/A;N/A
09/07/1993;3422;N/A;N/A;N/A
16/07/1993;8166;N/A;N/A;N/A
23/07/1993;-5527;N/A;N/A;N/A
30/07/1993;-4417;N/A;N/A;N/A
06/08/1993;797;N/A;N/A;N/A
13/08/1993;-4506;N/A;N/A;N/A
20/08/1993;-4727;N/A;N/A;N/A
27/08/1993;1356;N/A;N/A;N/A
03/09/1993;-6569;N/A;N/A;N/A
10/09/1993;1322;N/A;N/A;N/A
17/09/1993;-211;N/A;N/A;N/A
24/09/1993;-9526;N/A;N/A;N/A
01/10/1993;-2459;N/A;N/A;N/A
08/10/1993;4258;N/A;N/A;N/A
15/10/1993;-4874;N/A;N/A;N/A
22/10/1993;7425;N/A;N/A;N/A
29/10/1993;1784;N/A;N/A;N/A
05/11/1993;-2819;N/A;N/A;N/A
12/11/1993;5011;N/A;N/A;N/A
19/11/1993;-5512;N/A;N/A;N/A
26/11/1993;1393;N/A;N/A;N/A
03/12/1993;5433;N/A;N/A;N/A
10/12/1993;6328;N/A;N/A;N/A
17/12/1993;2410;N/A;N/A;N/A
24/12/1993;-168;N/A;N/A;N/A
31/12/1993;-6537;N/A;N/A;N/A
07/01/1994;-6920;N/A;N/A;N/A
14/01/1994;-194;N/A;N/A;N/A
21/01/1994;-5478;N/A;N/A;N/A
28/01/1994;3090;N/A;N/A;N/A
04/02/1994;3906;N/A;N/A;N/A
11/02/1994;-4355;N/A;N/A;N/A
18/02/1994;3028;N/A;N/A;N/A
25/02/1994;-7182;N/A;N/A;N/A
04/03/1994;7704;N/A;N/A;N/A
11/03/1994;-5076;N/A;N/A;N/A
18/03/1994;11903;N/A;N/A;N/A
25/03/1994;-5131;N/A;N/A;N/A
01/04/1994;196;N/A;N/A;N/A
08/04/1994;515;N/A;N/A;N/A
15/04/1994;1931;N/A;N/A;N/A
22/04/1994;78;N/A;N/A;N/A
29/04/1994;910;N/A;N/A;N/A
06/05/1994;-5966;N/A;N/A;N/A
13/05/1994;-938;N/A;N/A;N/A
20/05/1994;1654;N/A;N/A;N/A
27/05/1994;-1094;N/A;N/A;N/A
03/06/1994;-4736;N/A;N/A;N/A
10/06/1994;-2809;N/A;N/A;N/A
17/06/1994;-1567;N/A;N/A;N/A
24/06/1994;3479;N/A;N/A;N/A
01/07/1994;970;N/A;N/A;N/A
08/07/1994;174;N/A;N/A;N/A
15/07/1994;3182;N/A;N/A;N/A
22/07/1994;3257;N/A;N/A;N/A
29/07/1994;-5852;N/A;N/A;N/A
05/08/1994;-2653;N/A;N/A;N/A
12/08/1994;3115;N/A;N/A;N/A
19/08/1994;-2837;N/A;N/A;N/A
26/08/1994;-2444;N/A;N/A;N/A
02/09/1994;-224;N/A;N/A;N/A
09/09/1994;-262;N/A;N/A;N/A
16/09/1994;1455;N/A;N/A;N/A
23/09/1994;5895;N/A;N/A;N/A
30/09/1994;3271;N/A;N/A;N/A
07/10/1994;-1010;N/A;N/A;N/A
14/10/1994;4440;N/A;N/A;N/A
21/10/1994;-1829;N/A;N/A;N/A
28/10/1994;9335;N/A;N/A;N/A
04/11/1994;-1066;N/A;N/A;N/A
11/11/1994;-728;N/A;N/A;N/A
18/11/1994;-2978;N/A;N/A;N/A
25/11/1994;-2472;N/A;N/A;N/A
02/12/1994;-394;N/A;N/A;N/A
09/12/1994;-1488;N/A;N/A;N/A
16/12/1994;-655;N/A;N/A;N/A
23/12/1994;686;N/A;N/A;N/A
30/12/1994;-7390;N/A;N/A;N/A
06/01/1995;1934;N/A;N/A;N/A
13/01/1995;-1282;N/A;N/A;N/A
20/01/1995;-6414;N/A;N/A;N/A
27/01/1995;-281;N/A;N/A;N/A
03/02/1995;3153;N/A;N/A;N/A
10/02/1995;-6334;N/A;N/A;N/A
17/02/1995;7363;N/A;N/A;N/A
24/02/1995;-5571;N/A;N/A;N/A
03/03/1995;2518;N/A;N/A;N/A
10/03/1995;485;N/A;N/A;N/A
17/03/1995;539;N/A;N/A;N/A
24/03/1995;4050;N/A;N/A;N/A
31/03/1995;7761;N/A;N/A;N/A
07/04/1995;-2815;N/A;N/A;N/A
14/04/1995;1184;N/A;N/A;N/A
21/04/1995;3022;N/A;N/A;N/A
28/04/1995;-4107;N/A;N/A;N/A
05/05/1995;-1960;N/A;N/A;N/A
12/05/1995;823;N/A;N/A;N/A
19/05/1995;-4149;N/A;N/A;N/A
26/05/1995;-3019;N/A;N/A;N/A
02/06/1995;-1921;N/A;N/A;N/A
09/06/1995;-553;N/A;N/A;N/A
16/06/1995;-489;N/A;N/A;N/A
23/06/1995;-7467;N/A;N/A;N/A
30/06/1995;3726;N/A;N/A;N/A
07/07/1995;-1631;N/A;N/A;N/A
14/07/1995;-17;N/A;N/A;N/A
21/07/1995;-6883;N/A;N/A;N/A
28/07/1995;2949;N/A;N/A;N/A
04/08/1995;-6880;N/A;N/A;N/A
11/08/1995;2505;N/A;N/A;N/A
18/08/1995;-7390;N/A;N/A;N/A
25/08/1995;2953;N/A;N/A;N/A
01/09/1995;7692;N/A;N/A;N/A
08/09/1995;-4602;N/A;N/A;N/A
15/09/1995;-907;N/A;N/A;N/A
22/09/1995;-550;N/A;N/A;N/A
29/09/1995;-5055;N/A;N/A;N/A
06/10/1995;-3978;N/A;N/A;N/A
13/10/1995;-25;N/A;N/A;N/A
20/10/1995;2176;N/A;N/A;N/A
27/10/1995;1524;N/A;N/A;N/A
03/11/1995;3192;N/A;N/A;N/A
10/11/1995;-1626;N/A;N/A;N/A
17/11/1995;9609;N/A;N/A;N/A
24/11/1995;6079;N/A;N/A;N/A
01/12/1995;-3078;N/A;N/A;N/A
08/12/1995;-4260;N/A;N/A;N/A
15/12/1995;5862;N/A;N/A;N/A
22/12/1995;-5857;N/A;N/A;N/A
29/12/1995;-10226;N/A;N/A;N/A
05/01/1996;653;N/A;N/A;N/A
12/01/1996;2928;N/A;N/A;N/A
19/01/1996;4278;N/A;N/A;N/A
26/01/1996;-1745;N/A;N/A;N/A
02/02/1996;-2211;N/A;N/A;N/A
09/02/1996;-2234;N/A;N/A;N/A
16/02/1996;-3060;N/A;N/A;N/A
23/02/1996;343;N/A;N/A;N/A
01/03/1996;-3076;N/A;N/A;N/A
08/03/1996;8225;N/A;N/A;N/A
15/03/1996;-5269;N/A;N/A;N/A
22/03/1996;-1217;N/A;N/A;N/A
29/03/1996;-2063;N/A;N/A;N/A
05/04/1996;2221;N/A;N/A;N/A
12/04/1996;1399;N/A;N/A;N/A
19/04/1996;-4029;N/A;N/A;N/A
26/04/1996;-370;N/A;N/A;N/A
03/05/1996;7193;N/A;N/A;N/A
10/05/1996;-1702;N/A;N/A;N/A
17/05/1996;-4452;N/A;N/A;N/A
24/05/1996;1128;N/A;N/A;N/A
31/05/1996;11937;N/A;N/A;N/A
07/06/1996;-2031;N/A;N/A;N/A
14/06/1996;-3010;N/A;N/A;N/A
21/06/1996;856;N/A;N/A;N/A
28/06/1996;6853;N/A;N/A;N/A
05/07/1996;1857;N/A;N/A;N/A
12/07/1996;-2527;N/A;N/A;N/A
19/07/1996;-3838;N/A;N/A;N/A
26/07/1996;1115;N/A;N/A;N/A
02/08/1996;-2761;N/A;N/A;N/A
09/08/1996;-1161;N/A;N/A;N/A
16/08/1996;1880;N/A;N/A;N/A
23/08/1996;9701;N/A;N/A;N/A
30/08/1996;-5065;N/A;N/A;N/A
06/09/1996;-3439;N/A;N/A;N/A
13/09/1996;-1987;N/A;N/A;N/A
20/09/1996;1176;N/A;N/A;N/A
27/09/1996;-5113;N/A;N/A;N/A
04/10/1996;-269;N/A;N/A;N/A
11/10/1996;-3301;N/A;N/A;N/A
18/10/1996;5741;N/A;N/A;N/A
25/10/1996;-3059;N/A;N/A;N/A
01/11/1996;10036;N/A;N/A;N/A
08/11/1996;-5130;N/A;N/A;N/A
15/11/1996;-2465;N/A;N/A;N/A
22/11/1996;-4796;N/A;N/A;N/A
29/11/1996;227;N/A;N/A;N/A
06/12/1996;-756;N/A;N/A;N/A
13/12/1996;-2947;N/A;N/A;N/A
20/12/1996;-6103;N/A;N/A;N/A
27/12/1996;2442;N/A;N/A;N/A
03/01/1997;-8523;N/A;N/A;N/A
10/01/1997;5052;N/A;N/A;N/A
17/01/1997;-1465;N/A;N/A;N/A
24/01/1997;3372;N/A;N/A;N/A
31/01/1997;6035;N/A;N/A;N/A
07/02/1997;3448;N/A;N/A;N/A
14/02/1997;4485;N/A;N/A;N/A
21/02/1997;-164;N/A;N/A;N/A
28/02/1997;-5423;N/A;N/A;N/A
07/03/1997;5230;N/A;N/A;N/A
14/03/1997;110;N/A;N/A;N/A
21/03/1997;-1088;N/A;N/A;N/A
28/03/1997;6346;N/A;N/A;N/A
04/04/1997;-159;N/A;N/A;N/A
11/04/1997;2624;N/A;N/A;N/A
18/04/1997;1450;N/A;N/A;N/A
25/04/1997;2826;N/A;N/A;N/A
02/05/1997;94;N/A;N/A;N/A
09/05/1997;6395;N/A;N/A;N/A
16/05/1997;-5435;N/A;N/A;N/A
23/05/1997;3214;N/A;N/A;N/A
30/05/1997;4202;N/A;N/A;N/A
06/06/1997;-402;N/A;N/A;N/A
13/06/1997;-1256;N/A;N/A;N/A
20/06/1997;-463;N/A;N/A;N/A
27/06/1997;-5727;N/A;N/A;N/A
04/07/1997;4997;N/A;N/A;N/A
11/07/1997;-2459;N/A;N/A;N/A
18/07/1997;-1985;N/A;N/A;N/A
25/07/1997;-9890;N/A;N/A;N/A
01/08/1997;-714;N/A;N/A;N/A
08/08/1997;5138;N/A;N/A;N/A
15/08/1997;624;N/A;N/A;N/A
22/08/1997;-5254;N/A;N/A;N/A
29/08/1997;-1602;N/A;N/A;N/A
05/09/1997;-6082;N/A;N/A;N/A
12/09/1997;3794;N/A;N/A;N/A
19/09/1997;-3883;N/A;N/A;N/A
26/09/1997;1318;N/A;N/A;N/A
03/10/1997;4628;N/A;N/A;N/A
10/10/1997;-2172;N/A;N/A;N/A
17/10/1997;-3298;N/A;N/A;N/A
24/10/1997;4605;N/A;N/A;N/A
31/10/1997;6019;N/A;N/A;N/A
07/11/1997;-1180;N/A;N/A;N/A
14/11/1997;5286;N/A;N/A;N/A
21/11/1997;3774;N/A;N/A;N/A
28/11/1997;2820;N/A;N/A;N/A
05/12/1997;-4802;N/A;N/A;N/A
12/12/1997;2540;N/A;N/A;N/A
19/12/1997;-3969;N/A;N/A;N/A
26/12/1997;-3252;N/A;N/A;N/A
02/01/1998;-6402;N/A;N/A;N/A
09/01/1998;-1079;N/A;N/A;N/A
16/01/1998;11212;N/A;N/A;N/A
23/01/1998;5686;N/A;N/A;N/A
30/01/1998;-622;N/A;N/A;N/A
06/02/1998;-8;N/A;N/A;N/A
13/02/1998;1702;N/A;N/A;N/A
20/02/1998;2883;N/A;N/A;N/A
27/02/1998;-1599;N/A;N/A;N/A
06/03/1998;-921;N/A;N/A;N/A
13/03/1998;-2057;N/A;N/A;N/A
20/03/1998;6469;N/A;N/A;N/A
27/03/1998;1594;N/A;N/A;N/A
03/04/1998;1567;N/A;N/A;N/A
10/04/1998;5330;N/A;N/A;N/A
17/04/1998;5007;N/A;N/A;N/A
24/04/1998;303;N/A;N/A;N/A
01/05/1998;2200;N/A;N/A;N/A
08/05/1998;-663;N/A;N/A;N/A
15/05/1998;11223;N/A;N/A;N/A
22/05/1998;-3246;N/A;N/A;N/A
29/05/1998;-4288;N/A;N/A;N/A
05/06/1998;-1149;N/A;N/A;N/A
12/06/1998;-2698;N/A;N/A;N/A
19/06/1998;-1654;N/A;N/A;N/A
26/06/1998;1661;N/A;N/A;N/A
03/07/1998;-2890;N/A;N/A;N/A
10/07/1998;-6632;N/A;N/A;N/A
17/07/1998;5541;N/A;N/A;N/A
24/07/1998;3829;N/A;N/A;N/A
31/07/1998;683;N/A;N/A;N/A
07/08/1998;963;N/A;N/A;N/A
14/08/1998;-536;N/A;N/A;N/A
21/08/1998;-6875;N/A;N/A;N/A
28/08/1998;-318;N/A;N/A;N/A
04/09/1998;-8954;N/A;N/A;N/A
11/09/1998;-2382;N/A;N/A;N/A
18/09/1998;-9339;N/A;N/A;N/A
25/09/1998;3097;N/A;N/A;N/A
02/10/1998;2710;N/A;N/A;N/A
09/10/1998;6789;N/A;N/A;N/A
16/10/1998;3545;N/A;N/A;N/A
23/10/1998;3737;N/A;N/A;N/A
30/10/1998;3775;N/A;N/A;N/A
06/11/1998;-825;N/A;N/A;N/A
13/11/1998;-2535;N/A;N/A;N/A
20/11/1998;5157;N/A;N/A;N/A
27/11/1998;-5568;N/A;N/A;N/A
04/12/1998;-1434;N/A;N/A;N/A
11/12/1998;3419;N/A;N/A;N/A
18/12/1998;1480;N/A;N/A;N/A
25/12/1998;-2658;N/A;N/A;N/A
01/01/1999;-15222;N/A;N/A;N/A
08/01/1999;2540;N/A;N/A;N/A
15/01/1999;2707;N/A;N/A;N/A
22/01/1999;3173;N/A;N/A;N/A
29/01/1999;2582;N/A;N/A;N/A
05/02/1999;570;N/A;N/A;N/A
12/02/1999;-1738;N/A;N/A;N/A
19/02/1999;3038;N/A;N/A;N/A
26/02/1999;-3157;N/A;N/A;N/A
05/03/1999;2820;N/A;N/A;N/A
12/03/1999;3663;N/A;N/A;N/A
19/03/1999;2807;N/A;N/A;N/A
26/03/1999;3803;N/A;N/A;N/A
02/04/1999;-1746;N/A;N/A;N/A
09/04/1999;2117;N/A;N/A;N/A
16/04/1999;-3156;N/A;N/A;N/A
23/04/1999;-3443;N/A;N/A;N/A
30/04/1999;-2141;N/A;N/A;N/A
07/05/1999;-2398;N/A;N/A;N/A
14/05/1999;553;N/A;N/A;N/A
21/05/1999;-2323;N/A;N/A;N/A
28/05/1999;-1047;N/A;N/A;N/A
04/06/1999;1956;N/A;N/A;N/A
11/06/1999;1814;N/A;N/A;N/A
18/06/1999;-2723;N/A;N/A;N/A
25/06/1999;-1724;N/A;N/A;N/A
02/07/1999;-232;N/A;N/A;N/A
09/07/1999;3688;N/A;N/A;N/A
16/07/1999;374;N/A;N/A;N/A
23/07/1999;-5176;N/A;N/A;N/A
30/07/1999;-3400;N/A;N/A;N/A
06/08/1999;-2235;N/A;N/A;N/A
13/08/1999;-1633;N/A;N/A;N/A
20/08/1999;-4525;N/A;N/A;N/A
27/08/1999;562;N/A;N/A;N/A
03/09/1999;-4543;N/A;N/A;N/A
10/09/1999;-4282;N/A;N/A;N/A
17/09/1999;189;N/A;N/A;N/A
24/09/1999;-4257;N/A;N/A;N/A
01/10/1999;-370;N/A;N/A;N/A
08/10/1999;-7209;N/A;N/A;N/A
15/10/1999;3423;N/A;N/A;N/A
22/10/1999;269;N/A;N/A;N/A
29/10/1999;3721;N/A;N/A;N/A
05/11/1999;398;N/A;N/A;N/A
12/11/1999;1800;N/A;N/A;N/A
19/11/1999;-3063;N/A;N/A;N/A
26/11/1999;-4354;N/A;N/A;N/A
03/12/1999;-751;N/A;N/A;N/A
10/12/1999;-5586;N/A;N/A;N/A
17/12/1999;-831;N/A;N/A;N/A
24/12/1999;-301;N/A;N/A;N/A
31/12/1999;-1719;N/A;N/A;N/A
07/01/2000;3084;N/A;N/A;N/A
14/01/2000;-85;N/A;N/A;N/A
21/01/2000;-2432;N/A;N/A;N/A
28/01/2000;-8418;N/A;N/A;N/A
04/02/2000;3544;N/A;N/A;N/A
11/02/2000;-186;N/A;N/A;N/A
18/02/2000;-309;N/A;N/A;N/A
25/02/2000;329;N/A;N/A;N/A
03/03/2000;4632;N/A;N/A;N/A
10/03/2000;431;N/A;N/A;N/A
17/03/2000;1639;N/A;N/A;N/A
24/03/2000;-150;N/A;N/A;N/A
31/03/2000;1502;N/A;N/A;N/A
07/04/2000;2884;N/A;N/A;N/A
14/04/2000;5494;N/A;N/A;N/A
21/04/2000;5070;N/A;N/A;N/A
28/04/2000;-3264;N/A;N/A;N/A
05/05/2000;4490;N/A;N/A;N/A
12/05/2000;250;N/A;N/A;N/A
19/05/2000;949;N/A;N/A;N/A
26/05/2000;-4601;N/A;N/A;N/A
02/06/2000;-3989;N/A;N/A;N/A
09/06/2000;-1436;N/A;N/A;N/A
16/06/2000;-4561;N/A;N/A;N/A
23/06/2000;327;N/A;N/A;N/A
30/06/2000;-1794;N/A;N/A;N/A
07/07/2000;1142;N/A;N/A;N/A
14/07/2000;-485;N/A;N/A;N/A
21/07/2000;274;N/A;N/A;N/A
28/07/2000;-10553;N/A;N/A;N/A
04/08/2000;1337;N/A;N/A;N/A
11/08/2000;3400;N/A;N/A;N/A
18/08/2000;-4158;N/A;N/A;N/A
25/08/2000;2047;N/A;N/A;N/A
01/09/2000;2735;N/A;N/A;N/A
08/09/2000;-927;N/A;N/A;N/A
15/09/2000;-2482;N/A;N/A;N/A
22/09/2000;-501;N/A;N/A;N/A
29/09/2000;1092;N/A;N/A;N/A
06/10/2000;1077;N/A;N/A;N/A
13/10/2000;-4517;N/A;N/A;N/A
20/10/2000;2405;N/A;N/A;N/A
27/10/2000;-1489;N/A;N/A;N/A
03/11/2000;-1619;N/A;N/A;N/A
10/11/2000;1497;N/A;N/A;N/A
17/11/2000;6164;N/A;N/A;N/A
24/11/2000;-78;N/A;N/A;N/A
01/12/2000;1997;N/A;N/A;N/A
08/12/2000;-3369;N/A;N/A;N/A
15/12/2000;3033;N/A;N/A;N/A
22/12/2000;-1251;N/A;N/A;N/A
29/12/2000;-1837;N/A;N/A;N/A
05/01/2001;-351;N/A;N/A;N/A
12/01/2001;-1010;N/A;N/A;N/A
19/01/2001;-1110;N/A;N/A;N/A
26/01/2001;-3570;N/A;N/A;N/A
02/02/2001;3000;N/A;N/A;N/A
09/02/2001;3400;N/A;N/A;N/A
16/02/2001;-11900;N/A;N/A;N/A
23/02/2001;2900;N/A;N/A;N/A
02/03/2001;-2700;N/A;N/A;N/A
09/03/2001;8000;N/A;N/A;N/A
16/03/2001;5000;N/A;N/A;N/A
23/03/2001;11200;N/A;N/A;N/A
30/03/2001;1700;N/A;N/A;N/A
06/04/2001;3900;N/A;N/A;N/A
13/04/2001;6200;N/A;N/A;N/A
20/04/2001;-1400;N/A;N/A;N/A
27/04/2001;6300;N/A;N/A;N/A
04/05/2001;600;N/A;N/A;N/A
11/05/2001;2400;N/A;N/A;N/A
18/05/2001;3400;N/A;N/A;N/A
25/05/2001;-1800;N/A;N/A;N/A
01/06/2001;1600;N/A;N/A;N/A
08/06/2001;-8200;N/A;N/A;N/A
15/06/2001;-700;N/A;N/A;N/A
22/06/2001;-8;N/A;N/A;N/A
29/06/2001;-4800;N/A;N/A;N/A
06/07/2001;-2900;N/A;N/A;N/A
13/07/2001;7000;N/A;N/A;N/A
20/07/2001;1400;N/A;N/A;N/A
27/07/2001;-1100;N/A;N/A;N/A
03/08/2001;-6500;N/A;N/A;N/A
10/08/2001;-2800;N/A;N/A;N/A
17/08/2001;-4000;N/A;N/A;N/A
24/08/2001;2700;N/A;N/A;N/A
31/08/2001;-2000;N/A;N/A;N/A
07/09/2001;800;N/A;N/A;N/A
14/09/2001;-600;N/A;N/A;N/A
21/09/2001;3200;N/A;N/A;N/A
28/09/2001;1600;N/A;N/A;N/A
05/10/2001;-100;N/A;N/A;N/A
12/10/2001;-4400;N/A;N/A;N/A
19/10/2001;2800;N/A;N/A;N/A
26/10/2001;2500;N/A;N/A;N/A
02/11/2001;3600;N/A;N/A;N/A
09/11/2001;-200;N/A;N/A;N/A
16/11/2001;-1300;N/A;N/A;N/A
23/11/2001;-3100;N/A;N/A;N/A
30/11/2001;4200;N/A;N/A;N/A
07/12/2001;-2400;N/A;N/A;N/A
14/12/2001;400;N/A;N/A;N/A
21/12/2001;2600;N/A;N/A;N/A
28/12/2001;-2200;N/A;N/A;N/A
04/01/2002;1200;N/A;N/A;N/A
11/01/2002;1000;N/A;N/A;N/A
18/01/2002;2700;N/A;N/A;N/A
25/01/2002;2100;N/A;N/A;N/A
01/02/2002;2400;N/A;N/A;N/A
08/02/2002;2500;N/A;N/A;N/A
15/02/2002;-3100;N/A;N/A;N/A
22/02/2002;-2500;N/A;N/A;N/A
01/03/2002;4300;N/A;N/A;N/A
08/03/2002;400;N/A;N/A;N/A
15/03/2002;2600;N/A;N/A;N/A
22/03/2002;-4500;N/A;N/A;N/A
29/03/2002;6100;N/A;N/A;N/A
05/04/2002;-100;N/A;N/A;N/A
12/04/2002;-5600;N/A;N/A;N/A
19/04/2002;1500;N/A;N/A;N/A
26/04/2002;4600;N/A;N/A;N/A
03/05/2002;-5500;N/A;N/A;N/A
10/05/2002;-4200;N/A;N/A;N/A
17/05/2002;4600;N/A;N/A;N/A
24/05/2002;-1500;N/A;N/A;N/A
31/05/2002;6000;N/A;N/A;N/A
07/06/2002;-1400;N/A;N/A;N/A
14/06/2002;-500;N/A;N/A;N/A
21/06/2002;-3400;N/A;N/A;N/A
28/06/2002;1600;N/A;N/A;N/A
05/07/2002;-4200;N/A;N/A;N/A
12/07/2002;-2000;N/A;N/A;N/A
19/07/2002;-3700;N/A;N/A;N/A
26/07/2002;-2000;N/A;N/A;N/A
02/08/2002;-2100;N/A;N/A;N/A
09/08/2002;-7200;N/A;N/A;N/A
16/08/2002;2800;N/A;N/A;N/A
23/08/2002;300;N/A;N/A;N/A
30/08/2002;-4600;N/A;N/A;N/A
06/09/2002;-5300;N/A;N/A;N/A
13/09/2002;-5400;N/A;N/A;N/A
20/09/2002;-2600;N/A;N/A;N/A
27/09/2002;-10000;N/A;N/A;N/A
04/10/2002;-4700;N/A;N/A;N/A
11/10/2002;8900;N/A;N/A;N/A
18/10/2002;6800;N/A;N/A;N/A
25/10/2002;900;N/A;N/A;N/A
01/11/2002;3400;N/A;N/A;N/A
08/11/2002;-6900;N/A;N/A;N/A
15/11/2002;4500;N/A;N/A;N/A
22/11/2002;-3900;N/A;N/A;N/A
29/11/2002;3100;N/A;N/A;N/A
06/12/2002;1400;N/A;N/A;N/A
13/12/2002;-2000;N/A;N/A;N/A
20/12/2002;700;N/A;N/A;N/A
27/12/2002;-9100;N/A;N/A;N/A
03/01/2003;400;N/A;N/A;N/A
10/01/2003;-6400;N/A;N/A;N/A
17/01/2003;1500;N/A;N/A;N/A
24/01/2003;-500;N/A;N/A;N/A
31/01/2003;1000;N/A;N/A;N/A
07/02/2003;-4500;N/A;N/A;N/A
14/02/2003;3100;N/A;N/A;N/A
21/02/2003;-1000;N/A;N/A;N/A
28/02/2003;1700;N/A;N/A;N/A
07/03/2003;-3800;N/A;N/A;N/A
14/03/2003;400;N/A;N/A;N/A
21/03/2003;3700;N/A;N/A;N/A
28/03/2003;6800;N/A;N/A;N/A
04/04/2003;-3600;N/A;N/A;N/A
11/04/2003;100;N/A;N/A;N/A
18/04/2003;9000;N/A;N/A;N/A
25/04/2003;1800;N/A;N/A;N/A
02/05/2003;-800;N/A;N/A;N/A
09/05/2003;-2700;N/A;N/A;N/A
16/05/2003;600;N/A;N/A;N/A
23/05/2003;1100;N/A;N/A;N/A
30/05/2003;2800;N/A;N/A;N/A
06/06/2003;-4600;N/A;N/A;N/A
13/06/2003;3900;-500;-139;0
20/06/2003;-4100;1625;1500;0
27/06/2003;-2100;N/A;N/A;N/A
04/07/2003;100;N/A;N/A;N/A
11/07/2003;-3600;750;475;10
18/07/2003;-2300;-125;-625;10
25/07/2003;1000;1000;865;13
01/08/2003;2900;250;190;10
08/08/2003;200;0;-107;14
15/08/2003;-1600;500;832;11
22/08/2003;-200;0;185;13
29/08/2003;1800;1000;638;12
05/09/2003;-4200;1000;795;11
12/09/2003;3100;2000;823;13
19/09/2003;1500;1500;1155;11
26/09/2003;-47;1250;1266;11
03/10/2003;5400;1500;1125;10
10/10/2003;3800;1500;1310;15
17/10/2003;-1800;2300;2242;13
24/10/2003;3600;-135;238;14
31/10/2003;100;513;209;14
07/11/2003;-800;-1000;-673;13
14/11/2003;2900;N/A;N/A;N/A
21/11/2003;-4900;600;130;15
28/11/2003;-4800;375;175;14
05/12/2003;-6400;-1500;-646;13
12/12/2003;-5100;-1750;-1081;14
19/12/2003;1700;-1000;-912;13
26/12/2003;-3800;0;-544;9
02/01/2004;-1700;-850;-246;14
09/01/2004;-5000;-625;104;12
16/01/2004;1200;100;315;13
23/01/2004;-1500;750;825;12
30/01/2004;7900;250;246;12
06/02/2004;-2700;2400;1639;14
13/02/2004;4900;-1000;15;13
20/02/2004;0;1000;933;15
27/02/2004;2000;-100;-157;14
05/03/2004;3700;1000;496;13
12/03/2004;1600;875;521;14
19/03/2004;7500;2000;2000;13
26/03/2004;5700;2000;1727;11
02/04/2004;-2100;2000;796;13
09/04/2004;3200;1800;1050;13
16/04/2004;200;2400;2521;14
23/04/2004;3200;1625;1214;14
30/04/2004;100;2000;1159;11
07/05/2004;1100;1000;612;13
14/05/2004;-1100;1000;365;13
21/05/2004;25;1000;638;13
28/05/2004;2800;1125;929;12
04/06/2004;400;1300;1027;11
11/06/2004;800;1150;888;12
18/06/2004;2500;1000;396;12
25/06/2004;-500;1000;742;13
02/07/2004;100;750;471;14
09/07/2004;-2100;-500;-275;10
16/07/2004;-3600;-900;-200;9
23/07/2004;1200;-500;-400;14
30/07/2004;-1900;-1000;-979;12
06/08/2004;-4300;-950;-538;12
13/08/2004;-1300;-1875;-1007;14
20/08/2004;-1700;-250;-89;14
27/08/2004;-4200;-400;-95;13
03/09/2004;-1400;-1000;-571;14
10/09/2004;-7100;-1500;-1762;13
17/09/2004;-9100;-7000;-7073;11
24/09/2004;3400;-3700;-3346;13
01/10/2004;1100;2750;2721;14
08/10/2004;4200;900;614;14
15/10/2004;1200;1800;1147;15
22/10/2004;4000;1000;750;15
29/10/2004;6300;2000;1507;15
05/11/2004;1800;2000;1967;15
12/11/2004;800;1500;1169;16
19/11/2004;100;525;343;15
26/11/2004;900;-200;150;12
03/12/2004;600;-750;-546;14
10/12/2004;-100;-1500;-754;12
17/12/2004;2100;-800;-621;12
24/12/2004;-800;200;117;15
31/12/2004;-3300;-1500;-1263;14
07/01/2005;-3000;-1900;-1711;14
14/01/2005;3400;1300;879;13
21/01/2005;3400;1000;827;13
28/01/2005;-300;2000;1515;15
04/02/2005;-1000;700;847;16
11/02/2005;2100;1000;891;13
18/02/2005;600;1200;823;12
25/02/2005;2400;1000;733;14
04/03/2005;3200;1700;1707;15
11/03/2005;2600;2000;2157;15
18/03/2005;4100;2000;1990;15
25/03/2005;5400;2500;2513;15
01/04/2005;2400;2500;2423;16
08/04/2005;3600;400;88;16
15/04/2005;-1800;1400;1034;14
22/04/2005;5415;650;284;16
29/04/2005;2680;1250;669;16
06/05/2005;2666;1250;981;17
13/05/2005;4343;1000;758;17
20/05/2005;-1687;1500;1003;17
27/05/2005;1488;250;56;16
03/06/2005;-3094;-250;-216;16
10/06/2005;-1783;-1000;-486;12
17/06/2005;-1579;-2000;-2167;12
24/06/2005;1104;-1375;-1325;16
01/07/2005;-3613;-1625;-1584;11
08/07/2005;-3899;-2800;-3059;10
15/07/2005;-900;-3450;-3585;14
22/07/2005;-2245;-2750;-2121;15
29/07/2005;196;-1300;-1317;10
05/08/2005;2797;-1000;-665;12
12/08/2005;241;1250;913;13
19/08/2005;1852;100;112;14
26/08/2005;-1520;1000;539;14
02/09/2005;-6453;-7700;-6843;14
09/09/2005;-6560;-2000;-1471;13
16/09/2005;-322;1000;31;14
23/09/2005;-2412;-1750;-971;11
30/09/2005;-246;-1700;1664;14
07/10/2005;1017;2000;2518;13
14/10/2005;5555;2250;2031;14
21/10/2005;4414;2000;1780;13
28/10/2005;2734;2500;2315;13
04/11/2005;4424;2000;1535;14
11/11/2005;-2159;2000;1725;14
18/11/2005;354;375;425;13
25/11/2005;-4188;-500;-242;16
02/12/2005;2720;-1900;-1825;15
09/12/2005;892;-1500;-1177;14
16/12/2005;1300;-1000;-839;13
23/12/2005;118;-500;-673;13
30/12/2005;-1013;-1250;-1246;12
06/01/2006;-2887;-550;-442;14
13/01/2006;2741;-235;-394;14
20/01/2006;-2309;1450;1119;14
27/01/2006;1919;1000;693;15
03/02/2006;-318;1000;570;13
10/02/2006;4853;1000;1012;13
17/02/2006;1121;1200;796;15
24/02/2006;1638;1300;943;14
03/03/2006;6763;1600;1564;15
10/03/2006;4836;2500;2760;15
17/03/2006;-1310;2750;2523;12
24/03/2006;2030;950;1188;13
31/03/2006;2110;1000;924;14
07/04/2006;3230;1200;1191;12
14/04/2006;-806;2300;1792;15
21/04/2006;-226;-600;-350;16
28/04/2006;1727;-150;-78;16
05/05/2006;272;-575;-425;17
12/05/2006;-65;-1000;-503;16
19/05/2006;-2998;-1000;-647;16
26/05/2006;1599;-1000;-581;17
02/06/2006;1146;-500;-291;17
09/06/2006;-980;-500;32;15
16/06/2006;1385;-500;-293;14
23/06/2006;-3329;-1400;-1111;10
30/06/2006;-2421;-2000;-1455;15
07/07/2006;-5985;-1300;-1123;16
14/07/2006;151;-650;3;17
21/07/2006;30;-500;-503;16
28/07/2006;-1774;-875;-686;17
04/08/2006;-1114;-1000;-763;17
11/08/2006;-1607;-1300;-1468;14
18/08/2006;-643;-1350;-1204;15
25/08/2006;2481;-1500;-1717;15
01/09/2006;-2212;-1500;-1190;14
08/09/2006;-2904;-2000;-1779;16
15/09/2006;-2848;-2000;-1513;13
22/09/2006;-109;-1700;-1931;14
29/09/2006;3355;-1100;-939;14
06/10/2006;2408;1500;936;15
13/10/2006;5020;1500;1603;15
20/10/2006;-3205;3000;3030;14
27/10/2006;1910;2600;2646;15
03/11/2006;435;750;687;14
10/11/2006;1283;275;123;15
17/11/2006;5161;700;211;14
24/11/2006;-360;-350;-45;14
01/12/2006;-1049;500;346;15
08/12/2006;-4295;-1300;-1080;15
15/12/2006;-6323;-2000;-1820;13
22/12/2006;-8132;-2500;-2081;13
29/12/2006;-1299;-2000;-565;14
05/01/2007;-4990;-1500;-418;14
12/01/2007;6768;100;280;15
19/01/2007;789;1300;1125;15
26/01/2007;2684;1500;775;14
02/02/2007;-449;2000;1246;15
09/02/2007;-589;1000;793;12
16/02/2007;3694;1050;771;15
23/02/2007;1421;2000;1747;15
02/03/2007;-4848;1800;2093;16
09/03/2007;1180;2000;1528;15
16/03/2007;3924;1000;970;14
23/03/2007;-846;2025;1793;14
30/03/2007;4307;500;525;14
06/04/2007;678;1700;1475;14
13/04/2007;-994;650;382;15
20/04/2007;2074;-1500;-943;13
27/04/2007;1169;1500;1192;16
04/05/2007;5511;875;672;15
11/05/2007;1061;0;140;17
18/05/2007;1969;600;650;15
25/05/2007;-1956;1000;698;14
01/06/2007;112;125;-89;16
08/06/2007;82;-275;-306;16
15/06/2007;6902;-50;21;16
22/06/2007;1562;1600;806;15
29/06/2007;3151;-200;31;18
06/07/2007;-1462;-50;-322;18
13/07/2007;-449;-500;-115;16
20/07/2007;-1103;-1375;-1222;15
27/07/2007;-6497;-1000;-921;14
03/08/2007;-4136;-2750;-2682;13
10/08/2007;-5167;-2500;-2350;15
17/08/2007;1890;-2750;-2887;13
24/08/2007;-3486;-600;-1154;15
31/08/2007;-3972;-2200;-1963;17
07/09/2007;-7011;-2700;-2779;16
14/09/2007;-3874;-2025;-2159;16
21/09/2007;1842;-2150;-2528;14
28/09/2007;1138;-550;-843;16
05/10/2007;-1674;1075;584;17
12/10/2007;1784;750;779;16
19/10/2007;-5288;963;823;16
26/10/2007;-3894;400;225;16
02/11/2007;-821;-1500;-938;17
09/11/2007;2814;-750;-374;16
16/11/2007;-1071;750;622;17
23/11/2007;-452;-1000;-482;14
30/11/2007;-7913;-1250;-961;15
07/12/2007;-722;-750;-253;17
14/12/2007;-7586;-1500;-1400;12
21/12/2007;-3299;-1500;-1196;15
28/12/2007;-4056;-2250;-1897;16
04/01/2008;-6736;-2100;-1081;15
11/01/2008;4259;1250;293;16
18/01/2008;2297;1500;1925;13
25/01/2008;3555;2000;2323;14
01/02/2008;7052;2600;2621;14
08/02/2008;1066;2375;2511;12
15/02/2008;4204;2400;2917;15
22/02/2008;3231;2700;2387;15
29/02/2008;-3056;2400;1943;14
07/03/2008;6177;1675;1632;15
14/03/2008;133;2250;2277;12
21/03/2008;88;1800;1817;14
28/03/2008;7317;2300;2325;14
04/04/2008;-3148;2300;2239;15
11/04/2008;-2356;1800;1797;15
18/04/2008;2421;1500;1343;13
25/04/2008;3848;900;469;12
02/05/2008;5654;1625;1538;14
09/05/2008;176;2250;1850;15
16/05/2008;-5317;300;517;14
23/05/2008;-8883;0;-154;13
30/05/2008;-4802;400;446;13
06/06/2008;-4560;-1500;-1046;14
13/06/2008;-1242;-1750;-1333;12
20/06/2008;803;-1100;-1117;9
27/06/2008;-1982;500;22;13
04/07/2008;-5840;-2100;-2015;14
11/07/2008;2952;-2200;-1863;14
18/07/2008;-1558;-675;-675;11
25/07/2008;-81;-1300;-1173;13
01/08/2008;1614;-200;312;13
08/08/2008;-316;300;-31;13
15/08/2008;9390;1000;992;11
22/08/2008;-177;1100;1059;14
29/08/2008;-1898;450;-31;14
05/09/2008;-5828;-3500;-4229;11
12/09/2008;-6328;-3500;-3432;12
19/09/2008;-1520;-2500;-1750;12
26/09/2008;4278;2750;2358;9
03/10/2008;8123;2200;1889;10
10/10/2008;5611;2600;2105;12
17/10/2008;3182;2650;2250;12
24/10/2008;493;1550;1021;13
31/10/2008;54;1000;1012;13
07/11/2008;22;1000;1165;12
14/11/2008;1599;1000;842;14
21/11/2008;7280;1000;629;13
28/11/2008;-456;1000;1127;14
05/12/2008;392;1300;1182;11
12/12/2008;525;600;100;11
19/12/2008;-3101;500;445;12
26/12/2008;549;-1450;-908;14
02/01/2009;6682;800;579;15
09/01/2009;1144;2500;2260;14
16/01/2009;6100;1400;793;14
23/01/2009;6218;2900;2914;14
30/01/2009;7170;3000;2971;14
06/02/2009;4717;2750;2950;15
13/02/2009;-138;3200;3107;14
20/02/2009;717;1250;1214;12
27/02/2009;-757;1000;992;14
06/03/2009;749;250;457;14
13/03/2009;1942;1500;1229;13
20/03/2009;3302;1100;1300;11
27/03/2009;2844;3000;2482;12
03/04/2009;1645;1500;1992;14
10/04/2009;5671;1750;1914;15
17/04/2009;3857;2500;2667;14
24/04/2009;4053;1800;1829;15
01/05/2009;605;2500;2117;15
08/05/2009;-4629;1000;1007;14
15/05/2009;-2105;-400;-336;12
22/05/2009;-5413;-150;-425;15
29/05/2009;2866;-1500;-1313;13
05/06/2009;-4382;100;-288;14
12/06/2009;-3874;-1750;-1771;14
19/06/2009;-3868;-950;-1121;14
26/06/2009;-3660;-2000;-2011;15
03/07/2009;-2896;-2800;-2930;14
10/07/2009;-2813;-2100;-1625;15
17/07/2009;-1796;-2100;-1840;13
24/07/2009;5152;-1500;-1046;15
31/07/2009;1670;600;497;12
07/08/2009;2519;1000;750;13
14/08/2009;-8397;1200;1188;14
21/08/2009;128;-1150;-454;15
28/08/2009;-372;-900;-783;16
04/09/2009;-5906;-1850;-1566;15
11/09/2009;-4729;-2500;-2483;17
18/09/2009;2855;-1400;-954;17
25/09/2009;2796;2000;1209;14
02/10/2009;-978;2000;2014;13
09/10/2009;334;1000;1015;15
16/10/2009;1312;1500;1460;16
23/10/2009;778;1910;1814;16
30/10/2009;-3936;1500;1503;16
06/11/2009;1762;1000;675;17
13/11/2009;-887;300;-291;16
20/11/2009;1019;1500;1142;15
27/11/2009;2091;-400;180;16
04/12/2009;-3823;250;491;17
11/12/2009;-3689;-2000;-1885;16
18/12/2009;-4841;-1600;-1069;14
25/12/2009;-1538;-1850;-1636;15
01/01/2010;1329;-1000;-440;17
08/01/2010;3699;1500;1174;18
15/01/2010;-471;2450;2278;19
22/01/2010;-3888;1500;1072;16
29/01/2010;2317;400;438;16
05/02/2010;2424;1600;1313;18
12/02/2010;3085;1725;1878;17
19/02/2010;3034;1900;1944;16
26/02/2010;4034;1275;1156;17
05/03/2010;1432;2000;2003;18
12/03/2010;1012;1150;1022;16
19/03/2010;7245;1650;1466;16
26/03/2010;2929;2500;2294;14
02/04/2010;1976;1350;1397;17
09/04/2010;-2202;1300;1212;19
16/04/2010;1894;-750;-150;19
23/04/2010;1963;1000;1037;16
30/04/2010;2755;1000;1081;17
07/05/2010;1949;1600;1241;15
14/05/2010;162;500;197;17
21/05/2010;2460;250;3;17
28/05/2010;-1902;0;-50;17
04/06/2010;-1829;-900;-676;15
11/06/2010;1690;-1000;-860;15
18/06/2010;2017;-800;-627;15
25/06/2010;-2007;-1000;-827;15
02/07/2010;-4961;-2000;-1877;14
09/07/2010;-5058;-1500;-1350;17
16/07/2010;360;-1200;-1065;16
23/07/2010;7308;-1725;-1666;16
30/07/2010;-2784;-1650;-1475;18
06/08/2010;-2988;-2000;-2035;17
13/08/2010;-818;-1000;-665;17
20/08/2010;4108;300;-74;16
27/08/2010;3425;1200;766;15
03/09/2010;-1853;1000;443;19
10/09/2010;-2489;-2500;-2034;18
17/09/2010;970;-1750;-1817;14
24/09/2010;-475;-700;-107;14
01/10/2010;3088;413;352;18
08/10/2010;-416;1450;1183;15
15/10/2010;667;1500;1787;15
22/10/2010;5007;1000;939;17
29/10/2010;1950;1500;821;15
05/11/2010;-3274;1500;1167;15
12/11/2010;-7286;0;-70;16
19/11/2010;1029;-2000;-1794;16
26/11/2010;1066;-1150;-784;16
03/12/2010;-3819;-1400;-1191;16
10/12/2010;-9854;-2500;-2538;14
17/12/2010;-5333;-3400;-2586;14
24/12/2010;-1258;-2850;-2457;17
31/12/2010;-4161;-2000;-1900;17
07/01/2011;-2154;-1400;-959;17
14/01/2011;2617;-500;-359;15
21/01/2011;4836;1200;1060;15
28/01/2011;2594;2500;2730;15
04/02/2011;1898;2000;2180;13
11/02/2011;860;2000;1881;15
18/02/2011;822;1100;1327;17
25/02/2011;-364;750;835;15
04/03/2011;2516;1000;530;15
11/03/2011;1745;1300;1270;15
18/03/2011;2131;1500;1489;15
25/03/2011;2945;1500;1530;15
01/04/2011;1952;2000;1573;16
08/04/2011;1627;1000;963;13
15/04/2011;-2322;1300;1000;13
22/04/2011;6156;1700;946;15
29/04/2011;3421;2000;2077;16
06/05/2011;3781;1500;1525;15
13/05/2011;-15;1700;693;13
20/05/2011;616;-1500;-1131;13
27/05/2011;2878;-1600;-1346;14
03/06/2011;-4845;-1375;-468;13
10/06/2011;-3406;-1800;-1412;16
17/06/2011;-1711;-1825;-1384;12
24/06/2011;-4375;-1500;-1283;15
01/07/2011;-889;-2500;-2353;15
08/07/2011;-3124;-1500;-1880;15
15/07/2011;-3727;-2000;-1450;13
22/07/2011;2296;-2000;-1554;14
29/07/2011;950;1500;1086;12
05/08/2011;-5225;1350;1175;16
12/08/2011;4233;-500;-600;14
19/08/2011;-2213;1750;1207;13
26/08/2011;5281;-500;-127;14
02/09/2011;-3963;-2000;-1900;14
09/09/2011;-6704;-3000;-3014;15
16/09/2011;-7336;-1300;-873;14
23/09/2011;1915;2050;954;15
30/09/2011;-4679;1500;820;15
07/10/2011;1344;800;393;13
14/10/2011;-4729;2000;1477;12
21/10/2011;4735;1475;863;13
28/10/2011;1826;1000;377;13
04/11/2011;-1370;500;73;12
11/11/2011;-1056;-1200;-775;13
18/11/2011;-6219;500;331;12
25/11/2011;3932;50;-500;12
02/12/2011;1336;-1250;-575;12
09/12/2011;-1932;-2500;-2208;12
16/12/2011;-10570;-2125;-2438;10
23/12/2011;3899;-2500;-1850;13
30/12/2011;2209;-1000;-754;12
06/01/2012;4958;1000;854;12
13/01/2012;-3438;3000;1892;12
20/01/2012;3558;1450;654;12
27/01/2012;4175;2600;2408;10
03/02/2012;304;2500;2560;13
10/02/2012;-171;1500;1062;10
17/02/2012;1633;1350;760;12
24/02/2012;4160;1100;938;10
02/03/2012;832;1500;870;9
09/03/2012;1750;1600;1272;11
16/03/2012;-1162;2200;2264;12
23/03/2012;7102;2550;2367;11
30/03/2012;9009;2500;2027;10
06/04/2012;2791;2000;1900;10
13/04/2012;3856;1800;970;11
20/04/2012;3978;2800;2100;11
27/04/2012;2840;2500;2091;12
04/05/2012;3652;2000;2179;12
11/05/2012;2128;1750;1600;12
18/05/2012;883;1650;975;11
25/05/2012;2213;1000;809;12
01/06/2012;-111;-500;-371;12
08/06/2012;-191;-1500;-1283;11
15/06/2012;2861;-1300;-1009;12
22/06/2012;-133;-1300;-533;9
29/06/2012;-4270;-2300;-1778;10
06/07/2012;-4696;-1375;-1035;10
13/07/2012;-809;-1300;-740;11
20/07/2012;2717;-1000;-495;12
27/07/2012;-6522;-1000;-792;10
03/08/2012;-3729;-1550;-505;10
10/08/2012;-3699;-1500;-1820;12
17/08/2012;-5412;-250;179;12
24/08/2012;3778;-1750;-1317;12
31/08/2012;-7426;-4950;-5008;11
07/09/2012;1994;-2900;-2268;9
14/09/2012;8534;1000;433;11
21/09/2012;-2446;1900;882;11
28/09/2012;-482;1500;1486;11
05/10/2012;1672;1500;773;9
12/10/2012;2860;1500;1261;11
19/10/2012;5896;1800;1895;11
26/10/2012;-2045;1800;1605;11
02/11/2012;1766;2000;1464;10
09/11/2012;1089;2650;1870;11
16/11/2012;-1466;1000;764;11
23/11/2012;-347;350;109;12
30/11/2012;-2357;-500;-304;11
07/12/2012;843;-2500;-2041;11
14/12/2012;-964;-1750;-1259;10
21/12/2012;-586;-1750;-1555;10
28/12/2012;-11120;-1000;-785;11
04/01/2013;1314;2000;1227;11
11/01/2013;-951;2200;2068;10
18/01/2013;2813;2150;1885;9
25/01/2013;5947;2500;2461;8
01/02/2013;2623;2650;2650;10
08/02/2013;560;2200;2400;11
15/02/2013;4143;2000;1773;10
22/02/2013;1130;2500;2380;12
01/03/2013;3833;788;327;11
08/03/2013;2624;2300;2236;11
15/03/2013;-1314;2000;1545;12
22/03/2013;3256;1325;1038;12
29/03/2013;2707;2050;1892;11
05/04/2013;250;1500;1336;11
12/04/2013;-1233;1200;1082;11
19/04/2013;947;2000;1655;11
26/04/2013;6696;1100;1018;12
03/05/2013;230;2000;2054;12
10/05/2013;-624;450;183;11
17/05/2013;-338;-1000;-409;11
24/05/2013;3000;-500;-377;11
31/05/2013;-6267;-800;-527;11
07/06/2013;2523;-1500;-445;12
14/06/2013;313;-500;-425;12
21/06/2013;18;-1750;-1692;11
28/06/2013;-10347;-2250;-2577;11
05/07/2013;-9874;-3200;-3114;9
12/07/2013;-6902;-2000;-2206;12
19/07/2013;-2825;-2800;-2413;12
26/07/2013;431;-2450;-2079;11
02/08/2013;-1320;-1500;-927;11
09/08/2013;-2812;-1500;-1527;11
16/08/2013;-1428;-1500;-1164;12
23/08/2013;2986;750;300;12
30/08/2013;-1836;-2000;-942;12
06/09/2013;-219;-2100;-1417;11
13/09/2013;-4368;-1200;-1168;10
20/09/2013;2635;-1000;-710;12
27/09/2013;5472;2500;2196;10
04/10/2013;6807;1550;940;9
11/10/2013;3999;3000;2861;10
18/10/2013;5246;3000;2855;11
25/10/2013;4087;2400;1995;11
01/11/2013;1577;2100;1686;11
08/11/2013;2640;800;595;11
15/11/2013;375;1000;412;11
22/11/2013;2953;750;423;10
29/11/2013;-5585;-500;-90;10
06/12/2013;-10585;-3000;-2719;9
13/12/2013;-2941;-3500;-2890;10
20/12/2013;-4731;-2650;-1920;8
27/12/2013;-7007;-2825;-2294;10
03/01/2014;-2675;-2750;-1651;11
10/01/2014;-7658;-1300;-673;10
17/01/2014;990;1150;830;10
24/01/2014;6421;2250;2560;10
31/01/2014;440;2550;2270;10
07/02/2014;3267;2600;2630;10
14/02/2014;973;2250;2210;10
21/02/2014;68;1275;1155;9
28/02/2014;1429;1300;1078;10
07/03/2014;6180;2000;2090;11
14/03/2014;5850;2750;2405;11
21/03/2014;6619;2500;2850;9
28/03/2014;-2379;2500;1422;10
04/04/2014;4030;750;970;10
11/04/2014;10013;1750;1235;10
18/04/2014;3524;3000;2680;9
25/04/2014;1698;2200;2111;10
02/05/2014;-1781;1250;1150;11
09/05/2014;947;0;36;9
16/05/2014;-7226;0;-6;11
23/05/2014;1657;500;-118;10
30/05/2014;-3431;-250;-160;11
06/06/2014;-2596;-2000;-1655;8
13/06/2014;-579;-750;-575;8
20/06/2014;1742;-1700;-1213;10
27/06/2014;-3155;-2400;-2070;9
04/07/2014;-2370;-2500;-1744;10
11/07/2014;-7525;-2750;-2100;9
18/07/2014;-3969;-2900;-2422;10
25/07/2014;-3697;-1250;-800;10
01/08/2014;-1756;-1550;-1530;10
08/08/2014;1401;-2050;-1630;10
15/08/2014;-4474;-1750;-1140;9
22/08/2014;-2070;-2500;-944;10
29/08/2014;-905;-1000;-770;9
05/09/2014;-972;-1500;-1033;9
12/09/2014;3673;-1500;-1244;10
19/09/2014;-4273;750;470;8
26/09/2014;-1363;1500;925;9
03/10/2014;5015;2000;1678;10
10/10/2014;8923;2450;2265;9
17/10/2014;7111;3000;2800;10
24/10/2014;2061;3650;3130;8
31/10/2014;460;2350;1963;10
07/11/2014;-1735;1050;680;11
14/11/2014;2608;-1500;-873;10
21/11/2014;1946;250;220;8
28/11/2014;-3689;1750;950;8
05/12/2014;1454;-2700;-2625;8
12/12/2014;-847;-2250;-2213;9
19/12/2014;7267;-2500;-1811;9
26/12/2014;-1754;900;133;9
02/01/2015;-3062;700;911;8
09/01/2015;5389;1750;1275;10
16/01/2015;10071;2700;2670;10
23/01/2015;8874;3850;4000;10
30/01/2015;6333;3250;3940;8
06/02/2015;4868;3750;3613;10
13/02/2015;7716;3000;3050;9
20/02/2015;8427;4000;3667;8
27/02/2015;10303;3950;3888;10
06/03/2015;4512;4750;4595;9
13/03/2015;9622;4400;4111;8
20/03/2015;8170;4750;4913;8
27/03/2015;4766;4200;4181;10
03/04/2015;10949;3250;3280;10
10/04/2015;1294;3600;3540;11
17/04/2015;5315;3200;2692;11
24/04/2015;1910;3300;2782;9
01/05/2015;-3882;1500;1067;8
08/05/2015;-2191;-250;25;10
15/05/2015;-2674;-1750;-730;11
22/05/2015;-2802;-2000;-1200;9
29/05/2015;-1948;-2500;-2078;11
05/06/2015;-6812;-1500;-1273;10
12/06/2015;-2676;-1800;-1500;9
19/06/2015;-4934;-2000;-1678;11
26/06/2015;2386;-2500;-1782;9
03/07/2015;384;0;-489;8
10/07/2015;-4346;-1900;-1242;10
17/07/2015;2468;-2200;-1450;10
24/07/2015;-4203;850;134;10
31/07/2015;-4407;-1630;-1366;12
07/08/2015;-1682;-2000;-1736;10
14/08/2015;2620;-820;-354;11
21/08/2015;-5452;1450;986;9
28/08/2015;4667;900;444;11
04/09/2015;2570;900;873;9
11/09/2015;-2104;2000;1790;8
18/09/2015;-1925;-1250;-1163;9
25/09/2015;3955;0;-100;10
02/10/2015;3073;2250;2505;10
09/10/2015;7562;2577;2355;10
16/10/2015;8028;3750;3660;10
23/10/2015;3376;3750;3560;9
30/10/2015;2847;2500;2567;11
06/11/2015;4224;1300;791;11
13/11/2015;252;2000;2268;10
20/11/2015;961;1000;1195;12
27/11/2015;1177;-800;-679;10
04/12/2015;-3568;1300;730;11
11/12/2015;4801;-1500;-600;11
18/12/2015;-5877;1200;1364;9
25/12/2015;2629;-2500;-1767;11
01/01/2016;-5085;500;655;12
08/01/2016;234;2000;2025;11
15/01/2016;3979;2200;2678;10
22/01/2016;8383;4000;4270;11
29/01/2016;7792;4000;3746;9
05/02/2016;-754;3200;3178;11
12/02/2016;2147;3500;2861;12
19/02/2016;3502;3250;2417;10
26/02/2016;10374;3400;2540;9
04/03/2016;3880;3500;3178;11
11/03/2016;1317;3200;3182;10
18/03/2016;9357;2525;2480;9
25/03/2016;2299;3100;2822;10
01/04/2016;-4937;2850;2965;9
08/04/2016;6634;1000;733;10
15/04/2016;2080;3000;2295;10
22/04/2016;1999;1750;1415;8
29/04/2016;2784;750;556;10
06/05/2016;-3410;750;80;9
13/05/2016;1310;-3500;-3144;11
20/05/2016;-4226;-2000;-1664;10
27/05/2016;-1366;-2500;-2657;9
03/06/2016;-3226;-3000;-3139;10
10/06/2016;-933;-2325;-2135;11
17/06/2016;-917;-1500;-1289;10
24/06/2016;-4053;-2500;-2220;10
01/07/2016;-2223;-2500;-2080;11
08/07/2016;-2546;-3000;-2250;11
15/07/2016;-2342;-2000;-1295;10
22/07/2016;1671;-2000;-2020;10
29/07/2016;1413;-1750;-1490;10
05/08/2016;1055;-1500;-1340;10
12/08/2016;-2508;950;410;10
19/08/2016;2501;-850;-495;10
26/08/2016;2276;1300;825;10
02/09/2016;-14513;905;631;11
09/09/2016;-559;4000;2768;9
16/09/2016;-6200;3250;3361;9
23/09/2016;-1882;3000;2412;11
30/09/2016;-2976;1500;1059;11
07/10/2016;4850;2000;605;10
14/10/2016;-5247;2100;2182;11
21/10/2016;-553;2000;1169;11
28/10/2016;14420;2000;1581;11
04/11/2016;2432;2000;1620;11
11/11/2016;5274;1500;678;11
18/11/2016;-1255;1000;290;9
25/11/2016;-884;1500;678;9
02/12/2016;-2389;-1500;-1373;11
09/12/2016;-2563;-1500;-1354;10
16/12/2016;2256;-2500;-2433;9
23/12/2016;614;-1500;-1267;9
30/12/2016;-7051;-2000;-1713;10
06/01/2017;4097;1500;930;11
13/01/2017;2347;-1000;128;9
20/01/2017;2840;2500;1467;11
27/01/2017;6466;3000;2550;11
03/02/2017;13830;2500;2695;11
10/02/2017;9527;3500;3537;10
17/02/2017;564;3250;3385;9
24/02/2017;1501;3000;1633;9
03/03/2017;8209;2000;1288;10
10/03/2017;-237;3133;3247;9
17/03/2017;4954;3000;1771;9
24/03/2017;867;2000;1028;10
31/03/2017;1566;-150;-70;9
07/04/2017;-2166;-1500;-772;9
14/04/2017;-1034;-1400;-1033;11
21/04/2017;-3641;-1750;-1136;11
28/04/2017;-930;-3000;-2914;10
05/05/2017;-5247;-2000;-1984;10
12/05/2017;-1753;-2673;-2475;8
19/05/2017;-4432;-2000;-2081;9
26/05/2017;-6428;-3000;-2667;8
02/06/2017;3295;-3250;-3138;8
09/06/2017;-1661;-2450;-2300;9
16/06/2017;-2451;-1200;-1011;10
23/06/2017;118;-2250;-2155;9
30/06/2017;-6299;-2000;-1767;10
07/07/2017;-7564;-2450;-2265;9
14/07/2017;-4727;-3500;-3463;9
21/07/2017;-7208;-3000;-3125;11
28/07/2017;-1527;-3100;-3477;11
04/08/2017;-6451;-2200;-2373;11
11/08/2017;-8945;-3382;-3003;8
18/08/2017;-3327;-3479;-3257;10
25/08/2017;-5392;-1750;-1932;9
01/09/2017;4580;4000;3673;10
08/09/2017;5888;4911;4392;10
15/09/2017;4591;3900;3865;8
22/09/2017;-1846;3100;2523;9
29/09/2017;-6023;-500;-466;10
06/10/2017;-2747;-2400;-2042;8
13/10/2017;-5731;-3250;-3850;10
20/10/2017;856;-3000;-2783;8
27/10/2017;-2435;-1300;-877;10
03/11/2017;2237;-2454;-2214;11
10/11/2017;1854;-2400;-1797;9
17/11/2017;-1855;-2200;-1430;8
24/11/2017;-3429;-2950;-2485;9
01/12/2017;-5610;-2500;-2861;10
08/12/2017;-5117;-2894;-3309;10
15/12/2017;-6495;-3150;-3484;10
22/12/2017;-4609;-3750;-3844;9
29/12/2017;-7419;-4700;-4456;10
05/01/2018;-4948;-3750;-3441;10
12/01/2018;-6861;-3150;-2075;9
19/01/2018;-1071;-2000;-1003;10
26/01/2018;6776;900;309;10
02/02/2018;1895;3150;3250;11
09/02/2018;1841;3100;2748;10
16/02/2018;-1616;2900;2355;10
23/02/2018;3019;3000;2233;11
02/03/2018;2408;3000;2190;11
09/03/2018;5022;2500;2398;12
16/03/2018;-2622;3250;2539;12
23/03/2018;1643;850;146;11
30/03/2018;-4617;2000;1397;11
06/04/2018;3306;-1250;-1041;13
13/04/2018;-1071;1000;475;11
20/04/2018;2170;-2200;-1268;12
27/04/2018;6218;1229;841;11
04/05/2018;-2197;1000;393;11
11/05/2018;-1404;-2000;-1349;11
18/05/2018;5778;-2000;-2071;12
25/05/2018;-3620;450;244;13
01/06/2018;2072;-2100;-2175;12
08/06/2018;-4143;-1246;-1087;12
15/06/2018;-5914;-2500;-2429;13
22/06/2018;-9891;-3000;-2245;11
29/06/2018;1245;-5000;-5174;12
06/07/2018;-12633;-3788;-3894;12
13/07/2018;5836;-4100;-3456;13
20/07/2018;-6147;-3000;-2234;12
27/07/2018;3803;-3000;-2262;12
03/08/2018;-1351;-3000;-2164;11
10/08/2018;6805;-2500;-2886;13
17/08/2018;-5836;-2000;-1864;11
24/08/2018;-2566;-1487;-967;13
31/08/2018;-4302;-2900;-2382;13
07/09/2018;-5296;-2000;-1580;13
14/09/2018;-2057;-2500;-2616;13
21/09/2018;1852;-1500;-1126;13
28/09/2018;7975;1500;877;12
05/10/2018;5987;2800;2173;12
12/10/2018;6490;2500;909;13
19/10/2018;6346;3700;3523;13
26/10/2018;3217;3211;3112;12
02/11/2018;5783;2000;1625;11
09/11/2018;10270;3200;2914;12
16/11/2018;4851;3450;2861;11
23/11/2018;3577;1000;590;11
30/11/2018;-7323;-2000;-1605;11
07/12/2018;-1208;-3500;-3168;11
14/12/2018;-497;-2500;-2855;9
21/12/2018;-46;-3400;-3393;11
28/12/2018;7;-3000;-2455;12
04/01/2019;-1680;-2700;-1743;11
11/01/2019;-2683;-2500;-1489;12
18/01/2019;7970;-750;-278;12
25/01/2019;919;3150;3060;12
01/02/2019;1263;1850;1419;12
08/02/2019;3633;2400;1604;12
15/02/2019;3672;3050;2630;13
22/02/2019;-8647;3000;2944;12
01/03/2019;7069;1450;1316;11
08/03/2019;-3862;3000;2573;10
15/03/2019;-9589;1750;602;11
22/03/2019;2800;-2500;-945;11
29/03/2019;7238;-800;-591;12
05/04/2019;7029;2500;2438;12
12/04/2019;-1396;2300;1564;12
19/04/2019;5479;1000;811;12
26/04/2019;9934;1750;1472;11
03/05/2019;-3963;1900;1112;11
10/05/2019;5431;-1200;29;13
17/05/2019;4740;-1700;-1284;13
24/05/2019;-282;-1360;-1046;13
31/05/2019;6771;-2000;-1559;11
07/06/2019;2206;-1000;-713;12
14/06/2019;-3106;-1250;-1533;12
21/06/2019;-12788;-2873;-2837;11
28/06/2019;-1085;-3000;-2790;13
05/07/2019;-9499;-2900;-1870;13
12/07/2019;-3116;-3000;-3672;13
19/07/2019;-10835;-4261;-4443;12
26/07/2019;-8496;-2750;-2739;13
02/08/2019;2385;-2700;-2534;13
09/08/2019;1580;-2500;-2190;11
16/08/2019;-2732;-1500;-1329;12
23/08/2019;-10027;-2850;-2941;13
30/08/2019;-4771;-2000;-2567;12
06/09/2019;-6912;-2900;-2655;12
13/09/2019;1058;-2250;-2535;13
20/09/2019;2412;-600;-276;12
27/09/2019;3104;2000;1539;11
04/10/2019;2927;1900;1717;11
11/10/2019;9281;3000;2495;13
18/10/2019;-1699;3000;2751;13
25/10/2019;5702;500;-104;13
01/11/2019;7929;2000;817;10
08/11/2019;2219;1500;1440;12
15/11/2019;1379;1500;1149;13
22/11/2019;1572;-878;-79;13
29/11/2019;-4856;-1500;-1486;11
06/12/2019;822;-3000;-2924;10
13/12/2019;-1085;-1750;-2126;9
20/12/2019;-5474;-1500;-1433;11
27/12/2019;-11463;-3000;-3270;10
03/01/2020;1164;-3250;-3185;11
10/01/2020;-2549;1100;385;11
17/01/2020;-405;800;361;13
24/01/2020;3548;1290;259;12
31/01/2020;3355;3000;2876;13
07/02/2020;7459;3200;3245;12
14/02/2020;415;3200;2825;9
21/02/2020;452;2600;1815;12
28/02/2020;784;3000;2855;11
06/03/2020;7664;1700;2105;12
13/03/2020;1954;3700;4406;11
20/03/2020;1623;3000;3304;11
27/03/2020;13833;3300;3920;10
03/04/2020;15177;9250;9679;11
10/04/2020;19248;12700;12024;11
17/04/2020;15022;14000;13790;12
24/04/2020;8991;11900;11678;12
01/05/2020;4590;8800;8667;11
08/05/2020;-745;4000;4320;12
15/05/2020;-4982;2150;1809;10
22/05/2020;7928;-1911;-1276;11
29/05/2020;-2077;3000;3326;12
05/06/2020;5720;-1850;-1013;11
12/06/2020;1215;130;1605;11
19/06/2020;1442;1500;1140;11
26/06/2020;-7195;-500;289;10
03/07/2020;5654;-3250;-3189;11
10/07/2020;-7493;250;-88;11
17/07/2020;4892;-2200;-589;11
24/07/2020;-10611;450;-171;10
31/07/2020;-7373;-3350;-2309;9
07/08/2020;-4512;-2200;-2523;9
14/08/2020;-1632;-2850;-3080;10
21/08/2020;-4689;-2587;-2530;10
28/08/2020;-9362;-2000;-2137;13
04/09/2020;2033;-3000;-1965;10
11/09/2020;-4389;2074;1453;11
18/09/2020;-1639;-3270;-2472;11
25/09/2020;-1980;1000;456;11
02/10/2020;501;-1200;-881;10
09/10/2020;-3818;-2100;-2136;12
16/10/2020;-1002;-1375;-1289;11
23/10/2020;4320;1500;1153;10
30/10/2020;-7998;275;582;12
06/11/2020;4277;-1900;-872;13
13/11/2020;769;1600;1241;12
20/11/2020;-754;225;234;12
27/11/2020;-679;-1980;-1900;12
04/12/2020;15189;-1035;-849;10
11/12/2020;-3135;-2200;-1088;9
18/12/2020;-562;-3000;-2900;9
25/12/2020;-6065;-3100;-2450;11
01/01/2021;-8010;-2700;-2697;11
08/01/2021;-3248;-3000;-1931;10
15/01/2021;4352;-1675;-1739;11
22/01/2021;-9910;1500;376;11
29/01/2021;-994;-2300;-972;11
05/02/2021;-6645;-800;-177;10
12/02/2021;-7257;-2150;-2426;11
19/02/2021;1285;-6500;-6742;10
26/02/2021;21563;-1300;-735;9
05/03/2021;13798;2500;333;11
12/03/2021;2396;2700;2077;10
19/03/2021;1912;1350;704;11
26/03/2021;-876;-1500;-929;11
02/04/2021;-3522;-2000;-1638;12
09/04/2021;-5890;-2700;-2580;12
16/04/2021;594;-3550;-3266;10
23/04/2021;90;-450;-61;11
30/04/2021;-7990;-2000;-2644;10
07/05/2021;-426;-2100;-2201;11
14/05/2021;1320;2000;1311;12
21/05/2021;-1662;-1000;-751;12
28/05/2021;-5079;-2533;-2409;9
04/06/2021;-5241;-3500;-2892;11
11/06/2021;-7355;-2500;-2687;11
18/06/2021;-7614;-3500;-4123;10
25/06/2021;-6718;-3850;-4419;11
02/07/2021;-6866;-4000;-4479;12
09/07/2021;-7896;-4000;-4357;11
16/07/2021;2107;-4500;-3913;9
23/07/2021;-4089;-2500;-2408;11
30/07/2021;3627;-3000;-2942;12
06/08/2021;-448;-750;227;8
13/08/2021;-3233;-1450;-1627;11
20/08/2021;-2980;-2000;-2332;9
27/08/2021;-7169;-2500;-2927;10
03/09/2021;-1528;-4750;-4365;11
10/09/2021;-6422;-3574;-2739;10
17/09/2021;-3481;-2450;-3017;10
24/09/2021;4578;-2150;-2484;11
01/10/2021;2345;1000;796;10
08/10/2021;6088;1050;521;9
15/10/2021;-431;2000;1283;9
22/10/2021;4268;2000;1526;11
29/10/2021;3290;2250;1747;9
05/11/2021;1002;1600;1678;11
12/11/2021;-2101;1200;1074;10
19/11/2021;1017;-1800;-1527;9
26/11/2021;-909;-1450;-1055;10
03/12/2021;-241;-1521;-1169;10
10/12/2021;-4584;-1700;-1651;8
17/12/2021;-4715;-2500;-2979;8
24/12/2021;-3576;-2700;-3166;10
31/12/2021;-2144;-3650;-3338;10
07/01/2022;-4553;-1850;-1620;10
14/01/2022;515;-1750;-1331;9
21/01/2022;2377;1000;166;9
28/01/2022;-1047;1800;1056;9
04/02/2022;-4756;1500;1273;9
11/02/2022;1121;-2174;-919;9
18/02/2022;4514;0;148;9
25/02/2022;-2597;2500;2287;8
04/03/2022;-1863;-1250;-843;9
11/03/2022;4345;-1800;-1316;8
18/03/2022;-2508;-750;-338;9
25/03/2022;-3449;-2000;-1531;9
01/04/2022;2421;-2800;-2183;9
08/04/2022;9382;1000;256;9
15/04/2022;-8020;3000;3140;8
22/04/2022;691;0;-225;9
29/04/2022;1303;-600;-156;10
06/05/2022;8487;-1450;-761;7
13/05/2022;-3394;2000;1471;10
20/05/2022;-1019;-2129;-2046;6
27/05/2022;-5068;-2100;-1117;7
03/06/2022;2025;-2500;-2329;8
10/06/2022;1956;-2200;-1483;8
17/06/2022;-386;-1500;-1023;6
24/06/2022;-2762;-950;-136;6
01/07/2022;8234;-1550;-1153;7
08/07/2022;3254;-1500;-469;7
15/07/2022;-445;2000;748;7
22/07/2022;-4523;-1500;-1080;7
29/07/2022;4467;-1500;-798;7
05/08/2022;5457;-1000;216;7
12/08/2022;-7056;800;-108;5
19/08/2022;-3282;-2500;-1189;6
26/08/2022;-3326;-950;-1033;6
02/09/2022;8845;-1900;-667;6
09/09/2022;2442;1850;1777;6
16/09/2022;1141;2200;2561;7
23/09/2022;-215;2000;1207;7
30/09/2022;-1356;1800;1609;7
07/10/2022;9879;1000;1068;7
14/10/2022;-1725;2500;1322;7
21/10/2022;2588;1500;463;5
28/10/2022;-3115;-200;80;6
04/11/2022;3925;250;-67;5
11/11/2022;-5400;-1900;-1240;6
18/11/2022;-3690;-2614;-2488;6
25/11/2022;-12581;-3123;-2908;6
02/12/2022;-5186;-3418;-2989;7
09/12/2022;10231;-3500;-3409;7
16/12/2022;-5895;2500;-131;5
23/12/2022;718;-1200;-940;7
30/12/2022;1694;1500;612;6
06/01/2023;18961;-2000;-720;7
13/01/2023;8408;-3000;-1322;7
20/01/2023;533;1500;704;7
27/01/2023;4140;-1000;-196;6
03/02/2023;2423;2000;2033;7
10/02/2023;16283;2000;1380;7
17/02/2023;7647;2800;2327;7
24/02/2023;1166;1900;1352;7
03/03/2023;-1694;1600;120;7
10/03/2023;1550;1500;417;7
17/03/2023;1117;-1800;-1556;6
24/03/2023;-7489;1750;608;7
31/03/2023;-3739;-1700;-1612;6
07/04/2023;597;-1050;-1039;6
14/04/2023;-4581;-250;-621;7
21/04/2023;-5054;-1500;-1058;7
28/04/2023;-1281;-500;-482;7
05/05/2023;2951;-2500;-1109;5
12/05/2023;5040;-2000;-740;7
19/05/2023;-12456;2000;932;7
26/05/2023;4489;-1500;-1350;7
02/06/2023;-452;1500;350;6
09/06/2023;7919;-1536;-1112;6
16/06/2023;-3831;450;18;7
23/06/2023;-9603;-1500;-1266;6
30/06/2023;-1508;-2000;-2161;6
07/07/2023;5946;-50;-108;5
14/07/2023;-708;-2500;-2369;6
21/07/2023;-600;-2250;-2123;6
28/07/2023;-17049;-1050;-777;6
04/08/2023;5851;2300;1887;5
11/08/2023;-5960;-2500;-2400;4
18/08/2023;-6134;-3000;-2873;4
25/08/2023;-10584;-2191;-1596;5
01/09/2023;-6307;-2000;-2351;6
08/09/2023;3955;-2481;-1994;6
15/09/2023;-2136;-1700;-718;5
22/09/2023;-2169;-900;-600;6
29/09/2023;-2224;50;-171;5
06/10/2023;10176;-1400;-432;6
13/10/2023;-4491;-550;-413;6
20/10/2023;1372;-450;-477;6
27/10/2023;773;1802;1001;4
03/11/2023;13869;-181;-91;5
10/11/2023;3592;2000;4291;6
17/11/2023;8700;1750;510;6
24/11/2023;1610;-50;20;5
01/12/2023;-4633;-1600;-774;6
08/12/2023;-4258;-1800;-2103;6
15/12/2023;2909;-2300;-2355;4
22/12/2023;-7114;-2850;-2880;5
29/12/2023;-5503;-3000;-3406;6
05/01/2024;1338;-150;-199;6
12/01/2024;-2492;-850;-426;5
19/01/2024;-9233;-1400;-908;5
26/01/2024;1234;-1100;-225;5
02/02/2024;5520;2073;1515;6
09/02/2024;12018;3350;3299;6
16/02/2024;3514;3750;4041;5
23/02/2024;4199;3717;2563;4
01/03/2024;1367;2741;1720;6
08/03/2024;-1536;1000;307;6
15/03/2024;-1952;-150;-444;5
22/03/2024;3165;-1000;-704;5
29/03/2024;3210;-1000;9;6
05/04/2024;5841;800;688;6
12/04/2024;2735;1650;1427;4
19/04/2024;-6368;2000;1314;4
26/04/2024;7265;-2500;-2018;6
03/05/2024;-1362;-366;-389;7
10/05/2024;-2508;-600;-223;7
17/05/2024;1825;-2000;-1922;6
24/05/2024;-4156;-1150;-902;6
31/05/2024;1233;-2300;-1909;7
07/06/2024;3730;-1500;-886;7
14/06/2024;-2547;-2600;-1984;7
21/06/2024;3591;-2820;-2381;7
28/06/2024;-12157;-1000;-411;5
05/07/2024;-3443;1000;442;5
12/07/2024;-4870;-1080;-736;7
19/07/2024;-3741;-2837;-1545;7
26/07/2024;-3436;-1100;-832;7
02/08/2024;-3728;-1800;-1484;6
09/08/2024;1357;-2000;-857;7
16/08/2024;-4649;-2200;-1968;6
23/08/2024;-846;-2775;-2521;7
30/08/2024;-6873;-300;-379;6
06/09/2024;833;1050;711;7
13/09/2024;-1630;-100;-214;7
20/09/2024;-4471;-1430;-938;7
27/09/2024;3889;-1430;-633;5
04/10/2024;5810;1600;1305;7
11/10/2024;-2191;1500;1496;6
18/10/2024;5474;1000;729;6
25/10/2024;-515;1805;1374;6
01/11/2024;2149;-90;402;7
08/11/2024;2089;1600;311;6
15/11/2024;545;-85;-49;6
22/11/2024;-1844;-1000;-522;6
29/11/2024;-5073;-1410;-717;7
06/12/2024;-1425;-1100;-744;7
13/12/2024;-934;-1700;-1597;5
20/12/2024;-4237;-600;-740;6
27/12/2024;-1178;-2350;-2440;6
03/01/2025;-959;-2000;-940;6
10/01/2025;-1962;-850;-674;6
17/01/2025;-1017;-400;-830;6
24/01/2025;3463;2186;2027;6
31/01/2025;8664;1900;1034;6
07/02/2025;4070;2305;2516;7
14/02/2025;4633;3000;3462;7
21/02/2025;-2332;2400;2510;6
28/02/2025;3614;800;192;6
07/03/2025;1448;2000;2238;5
14/03/2025;1745;1000;535;5
21/03/2025;-3341;1977;1215;6
28/03/2025;6165;-500;-224;7
04/04/2025;2553;2600;1749;6
11/04/2025;515;945;755;6
18/04/2025;244;1550;1690;4
25/04/2025;-2696;-579;-790;6
02/05/2025;-2032;-1858;-1632;6
09/05/2025;3454;-2209;-1964;5
16/05/2025;1328;-1100;-742;7
23/05/2025;-2795;-1800;-420;5
30/05/2025;-4304;-3128;-2249;7
06/06/2025;-3644;-2600;-2269;5
13/06/2025;-11473;-2500;-1841;7
20/06/2025;-5836;-1100;-1906;5
27/06/2025;3845;-2700;-2692;7
04/07/2025;7070;-1600;-1878;5
11/07/2025;-3859;-500;-667;6
18/07/2025;-3169;-1500;-1387;6
25/07/2025;7698;-2600;-1979;6
01/08/2025;-3029;0;445;6
08/08/2025;3036;-912;-618;4
15/08/2025;-6014;-850;-824;5
22/08/2025;-2392;-2000;-1378;5
29/08/2025;2415;-1900;-2187;5
05/09/2025;3939;-1400;-1958;5
12/09/2025;-9285;1766;1067;5
19/09/2025;-607;500;232;4
26/09/2025;1792;-50;-149;4
03/10/2025;3715;350;497;5
10/10/2025;3524;-1200;-136;4
17/10/2025;-961;2181;2106;5
24/10/2025;-6858;1203;-77;6
31/10/2025;5202;-286;-248;6
07/11/2025;6413;1500;887;6
14/11/2025;-3426;-1700;-1002;4
21/11/2025;2774;-2363;-2329;5
28/11/2025;574;-2000;-1128;6
05/12/2025;-1812;-1300;-2156;6
12/12/2025;-1274;-2050;-2426;5
19/12/2025;405;-2000;-2052;4
26/12/2025;-1934;500;400;5
02/01/2026;-3832;-1000;-1332;6
09/01/2026;3391;-1682;-1573;6
16/01/2026;3602;-108;-869;6
23/01/2026;-2295;1950;794;6
30/01/2026;-3455;-639;-475;4
06/02/2026;8530;-24;-204;4
13/02/2026;-9014;1650;674;6
20/02/2026;15989;1925;252;6
27/02/2026;3475;3000;2405;5
06/03/2026;3824;2500;1734;5
13/03/2026;6156;-1500;32;6
20/03/2026;6926;-1250;-190;6
27/03/2026;5451;2000;1257;6
03/04/2026;3081;500;757;6
10/04/2026;-913;1900;1005;5
17/04/2026;1925;-2000;-1009;6
24/04/2026;-6234;-190;248;4
01/05/2026;-2313;-3419;-2427;6
08/05/2026;-4306;-2454;-2119;6
15/05/2026;-7863;-2500;-2815;5
22/05/2026;-3327;-3000;-3620;6
29/05/2026;-7974;-3050;-3266;5
05/06/2026;-7227;-2200;-3008;5
12/06/2026;-8263;-3000;-3692;6
19/06/2026;-6088;-3600;-3938;5
26/06/2026;-3775;-2262;-2903;0
