"Date","Price","Open","High","Low","Vol.","Change %"
"07/02/2026","67.65","67.86","68.16","67.12","65.47K","-1.26%"
"07/01/2026","68.51","69.70","69.87","67.88","137.82K","-1.10%"
"06/30/2026","69.27","70.11","71.31","69.01","141.09K","-1.62%"
"06/29/2026","70.41","70.14","70.72","69.00","94.90K","2.15%"
"06/26/2026","68.93","71.09","71.45","68.32","144.32K","-3.62%"
"06/25/2026","71.52","69.31","72.08","68.57","141.62K","2.27%"
"06/24/2026","69.93","72.47","72.53","69.26","141.64K","-3.60%"
"06/23/2026","72.54","73.20","73.55","71.78","113.79K","-1.79%"
"06/22/2026","73.86","75.40","78.14","73.24","315.90K","-3.50%"
"06/19/2026","76.54","75.85","76.76","75.09","86.47K","0.91%"
"06/18/2026","75.85","74.88","76.06","72.83","288.80K","-0.21%"
"06/17/2026","76.01","75.72","79.18","74.09","233.91K","0.98%"
"06/16/2026","75.27","79.80","80.15","74.74","239.51K","-5.25%"
"06/15/2026","79.44","80.50","81.00","78.45","186.83K","-4.69%"
"06/12/2026","83.35","85.00","85.61","81.68","162.45K","-3.26%"
"06/11/2026","86.16","90.24","91.62","84.30","196.47K","-2.47%"
"06/10/2026","88.34","87.63","90.08","85.88","173.22K","2.03%"
"06/09/2026","86.58","89.25","89.46","84.55","168.84K","-2.99%"
"06/08/2026","89.25","90.20","92.73","88.38","171.29K","1.43%"
"06/05/2026","87.99","89.87","90.61","87.26","148.10K","-2.23%"
"06/04/2026","90.00","92.40","92.56","89.04","127.66K","-2.92%"
"06/03/2026","92.71","90.35","93.42","90.35","174.17K","2.48%"
"06/02/2026","90.47","89.41","90.70","87.26","136.60K","1.46%"
"06/01/2026","89.17","86.43","91.71","86.43","165.47K","4.54%"
"05/29/2026","85.30","86.41","86.89","84.29","129.90K","-1.72%"
"05/28/2026","86.79","86.49","89.46","84.00","114.21K","0.93%"
"05/27/2026","85.99","89.93","90.36","85.00","138.34K","-4.90%"
"05/26/2026","90.42","90.85","91.30","86.85","158.25K","-2.87%"
"05/22/2026","93.09","94.30","95.87","91.42","125.76K","0.20%"
"05/21/2026","92.90","94.52","98.35","92.34","151.18K","-1.18%"
"05/20/2026","94.01","99.12","99.46","92.82","140.38K","-9.74%"
"05/19/2026","104.15","102.58","104.86","102.12","206.47K","-0.22%"
"05/18/2026","104.38","101.74","105.21","98.60","362.19K","3.33%"
"05/15/2026","101.02","97.71","101.57","97.23","204.18K","4.23%"
"05/14/2026","96.92","97.04","98.13","95.12","151.77K","0.11%"
"05/13/2026","96.81","98.38","99.09","96.49","188.01K","-1.73%"
"05/12/2026","98.51","95.13","98.97","94.68","168.87K","3.98%"
"05/11/2026","94.74","94.53","96.31","92.84","162.54K","3.21%"
"05/08/2026","91.79","94.00","94.52","90.25","146.05K","0.79%"
"05/07/2026","91.07","91.85","93.87","86.76","250.50K","-0.18%"
"05/06/2026","91.23","98.24","98.38","86.13","227.45K","-6.97%"
"05/05/2026","98.07","100.52","100.92","97.33","147.93K","-3.39%"
"05/04/2026","101.51","94.78","101.80","94.34","203.28K","5.15%"
"05/01/2026","96.54","99.14","100.81","94.28","137.40K","-2.62%"
"04/30/2026","99.14","102.00","103.78","97.14","161.16K","-0.97%"
"04/29/2026","100.11","94.40","101.71","93.30","163.31K","5.88%"
"04/28/2026","94.55","91.75","95.96","91.38","122.60K","3.39%"
"04/27/2026","91.45","90.65","92.56","89.69","96.82K","2.09%"
"04/24/2026","89.58","90.95","92.47","88.05","138.23K","-1.37%"
"04/23/2026","90.82","88.19","92.94","87.59","142.06K","2.76%"
"04/22/2026","88.38","86.03","89.00","84.28","117.22K","-1.44%"
"04/21/2026","89.67","85.82","92.23","85.50","383.60K","2.57%"
"04/20/2026","87.42","88.15","89.60","85.45","370.07K","5.85%"
"04/17/2026","82.59","89.72","90.34","78.97","477.01K","-9.41%"
"04/16/2026","91.17","88.31","91.82","87.32","238.28K","3.45%"
"04/15/2026","88.13","88.80","90.45","84.70","235.42K","-0.07%"
"04/14/2026","88.19","91.94","92.66","88.01","236.67K","-5.12%"
"04/13/2026","92.95","93.90","96.93","91.07","229.80K","3.76%"
"04/10/2026","89.58","90.30","91.80","88.76","192.15K","-0.39%"
"04/09/2026","89.93","89.43","92.89","88.16","255.12K","2.48%"
"04/08/2026","87.75","94.75","95.58","83.80","323.73K","-11.70%"
"04/07/2026","99.38","98.35","101.17","95.69","233.47K","0.92%"
"04/06/2026","98.47","98.51","100.91","95.57","151.00K","0.44%"
"04/03/2026","98.04","90.15","98.49","88.70","","0.00%"
"04/02/2026","98.04","90.15","98.49","88.70","281.88K","7.88%"
"04/01/2026","90.88","93.40","94.81","88.70","215.00K","-2.45%"
"03/31/2026","93.16","97.95","99.65","92.30","248.28K","-2.98%"
"03/30/2026","96.02","96.48","98.26","93.70","188.44K","1.94%"
"03/27/2026","94.19","90.15","95.60","88.91","194.73K","3.34%"
"03/26/2026","91.15","88.47","91.93","86.44","178.59K","3.84%"
"03/25/2026","87.78","85.92","88.88","84.23","193.79K","-2.19%"
"03/24/2026","89.75","86.20","90.53","84.16","213.19K","5.13%"
"03/23/2026","85.37","96.91","98.17","81.64","327.61K","-13.09%"
"03/20/2026","98.23","94.46","98.75","92.47","461.85K","2.80%"
"03/19/2026","95.55","98.06","100.48","92.10","746.60K","0.09%"
"03/18/2026","95.46","95.27","99.78","91.45","631.33K","-0.07%"
"03/17/2026","95.53","93.42","97.65","92.88","388.95K","3.32%"
"03/16/2026","92.46","98.76","99.95","91.82","381.62K","-4.52%"
"03/13/2026","96.84","95.52","97.31","91.09","307.93K","2.55%"
"03/12/2026","94.43","87.46","95.68","87.18","448.29K","9.71%"
"03/11/2026","86.07","85.11","87.32","80.60","401.37K","4.84%"
"03/10/2026","82.10","83.00","88.49","75.64","546.03K","-10.25%"
"03/09/2026","91.48","91.91","113.41","79.00","749.52K","4.52%"
"03/06/2026","87.52","77.20","88.16","76.40","649.95K","11.29%"
"03/05/2026","78.64","74.61","79.47","73.79","434.57K","7.05%"
"03/04/2026","73.46","73.56","75.99","72.19","352.65K","-0.12%"
"03/03/2026","73.55","70.66","76.75","69.93","601.26K","4.00%"
"03/02/2026","70.72","73.71","74.70","69.00","493.34K","5.73%"
"02/27/2026","66.89","65.37","67.65","64.76","235.45K","2.73%"
"02/26/2026","65.11","65.55","66.55","63.57","245.10K","-0.34%"
"02/25/2026","65.33","65.97","66.47","65.05","146.09K","-0.32%"
"02/24/2026","65.54","66.13","66.97","65.46","149.99K","-0.89%"
"02/23/2026","66.13","65.72","67.05","65.24","118.97K","-0.53%"
"02/20/2026","66.48","66.72","67.03","65.81","351.35K","0.12%"
"02/19/2026","66.40","64.97","66.90","64.77","464.01K","2.08%"
"02/18/2026","65.05","62.20","65.43","62.04","396.73K","4.48%"
"02/17/2026","62.26","63.04","63.96","61.76","362.73K","-2.06%"
"02/16/2026","63.57","63.57","63.69","62.36","59.16K","1.31%"
"02/13/2026","62.75","62.81","63.09","62.00","208.19K","0.16%"
"02/12/2026","62.65","64.71","64.93","62.23","251.47K","-2.81%"
"02/11/2026","64.46","63.99","65.61","63.97","240.97K","1.05%"
"02/10/2026","63.79","64.26","64.53","63.50","176.50K","-0.64%"
"02/09/2026","64.20","62.81","64.64","62.44","195.24K","1.33%"
"02/06/2026","63.36","62.94","64.30","62.02","238.23K","0.56%"
"02/05/2026","63.01","64.10","64.29","62.37","227.32K","-2.69%"
"02/04/2026","64.75","63.38","65.07","62.48","270.07K","3.06%"
"02/03/2026","62.83","61.89","63.75","60.71","180.32K","1.80%"
"02/02/2026","61.72","64.24","64.30","61.00","184.41K","-4.66%"
"01/30/2026","64.74","65.06","65.60","63.21","197.37K","-0.42%"
"01/29/2026","65.01","63.15","65.99","62.91","271.50K","3.34%"
"01/28/2026","62.91","62.22","63.20","61.77","175.55K","1.30%"
"01/27/2026","62.10","60.53","62.29","59.94","160.33K","2.78%"
"01/26/2026","60.42","60.90","61.41","60.13","117.60K","-0.61%"
"01/23/2026","60.79","59.43","61.05","59.33","111.87K","2.74%"
"01/22/2026","59.17","60.44","60.55","58.80","136.62K","-2.02%"
"01/21/2026","60.39","59.37","60.62","59.01","148.15K","0.05%"
"01/20/2026","60.36","58.94","60.51","58.53","499.60K","1.63%"
"01/19/2026","59.39","59.39","59.50","58.57","120.74K","0.08%"
"01/16/2026","59.34","59.17","60.05","58.81","313.21K","0.44%"
"01/15/2026","59.08","61.00","61.01","58.76","360.64K","-4.52%"
"01/14/2026","61.88","60.88","62.20","59.08","451.22K","1.56%"
"01/13/2026","60.93","59.75","61.23","59.29","410.80K","2.71%"
"01/12/2026","59.32","58.89","59.72","58.32","282.48K","0.64%"
"01/09/2026","58.94","58.19","59.57","57.48","278.43K","2.26%"
"01/08/2026","57.64","56.30","58.58","55.89","246.92K","3.11%"
"01/07/2026","55.90","56.84","57.01","55.65","303.74K","-1.83%"
"01/06/2026","56.94","58.10","58.60","56.66","187.86K","-1.96%"
"01/05/2026","58.08","57.25","58.23","56.13","163.00K","1.68%"
"01/02/2026","57.12","57.23","57.73","56.42","93.43K","-0.28%"
"01/01/2026","57.28","57.28","57.35","57.24","0.61K","0.10%"
"12/31/2025","57.22","57.69","58.32","57.01","88.97K","-0.90%"
"12/30/2025","57.74","57.49","58.24","57.36","81.46K","-0.19%"
"12/29/2025","57.85","56.86","58.05","56.74","79.43K","2.28%"
"12/26/2025","56.56","58.17","58.62","56.48","70.26K","-2.97%"
"12/25/2025","58.29","58.29","58.31","58.17","0.40K","0.28%"
"12/24/2025","58.13","58.17","58.49","57.89","53.26K","0.00%"
"12/23/2025","58.13","57.79","58.31","57.56","111.05K","0.50%"
"12/22/2025","57.84","56.47","57.92","56.47","110.92K","2.34%"
"12/19/2025","56.52","55.90","56.72","55.61","209.26K","0.93%"
"12/18/2025","56.00","56.77","56.85","55.73","257.30K","0.34%"
"12/17/2025","55.81","55.08","56.81","55.08","339.14K","1.23%"
"12/16/2025","55.13","56.49","56.54","54.89","288.59K","-2.72%"
"12/15/2025","56.67","57.33","57.61","56.23","223.59K","-1.00%"
"12/12/2025","57.24","57.74","58.01","56.97","186.59K","-0.37%"
"12/11/2025","57.45","58.72","58.76","56.85","193.56K","-1.46%"
"12/10/2025","58.30","58.23","58.83","57.52","166.34K","0.38%"
"12/09/2025","58.08","58.67","58.93","57.95","178.89K","-0.94%"
"12/08/2025","58.63","59.88","60.01","58.43","162.27K","-1.92%"
"12/05/2025","59.78","59.32","60.12","59.10","125.49K","0.79%"
"12/04/2025","59.31","58.78","59.67","58.54","151.67K","1.11%"
"12/03/2025","58.66","58.40","59.32","58.11","133.64K","0.48%"
"12/02/2025","58.38","59.27","59.39","58.05","126.16K","-1.17%"
"12/01/2025","59.07","58.65","59.66","58.56","110.51K","1.34%"
"11/28/2025","58.29","58.33","59.34","58.02","56.96K","-0.77%"
"11/27/2025","58.74","58.74","58.88","58.06","25.06K","0.55%"
"11/26/2025","58.42","57.82","58.49","57.46","97.89K","1.18%"
"11/25/2025","57.74","58.58","58.67","56.88","144.19K","-1.45%"
"11/24/2025","58.59","57.78","58.78","57.19","93.60K","1.35%"
"11/21/2025","57.81","58.54","58.54","57.12","143.26K","-2.02%"
"11/20/2025","59.00","59.39","60.10","58.59","324.28K","-0.42%"
"11/19/2025","59.25","60.51","60.70","58.66","348.37K","-2.34%"
"11/18/2025","60.67","59.71","60.85","59.26","294.30K","1.35%"
"11/17/2025","59.86","59.67","60.30","59.21","194.82K","-0.15%"
"11/14/2025","59.95","58.66","60.47","58.66","324.82K","2.23%"
"11/13/2025","58.64","58.49","59.15","58.11","203.34K","0.26%"
"11/12/2025","58.49","60.96","61.01","58.30","224.00K","-4.10%"
"11/11/2025","60.99","59.94","61.18","59.59","184.22K","1.60%"
"11/10/2025","60.03","59.73","60.31","59.30","135.13K","0.69%"
"11/07/2025","59.62","59.46","60.29","59.21","142.59K","0.54%"
"11/06/2025","59.30","59.48","60.28","58.71","150.46K","-0.20%"
"11/05/2025","59.42","60.14","60.79","59.33","152.59K","-1.48%"
"11/04/2025","60.31","60.69","60.72","59.68","111.59K","-0.72%"
"11/03/2025","60.75","61.00","61.14","60.21","126.16K","0.25%"
"10/31/2025","60.60","59.91","60.96","59.61","129.88K","0.66%"
"10/30/2025","60.20","60.03","60.41","59.30","137.38K","0.07%"
"10/29/2025","60.16","59.83","60.58","59.37","135.34K","0.64%"
"10/28/2025","59.78","60.94","60.95","59.36","153.02K","-1.65%"
"10/27/2025","60.78","61.26","61.60","60.17","131.66K","-0.30%"
"10/24/2025","60.96","61.08","61.84","60.62","175.70K","-0.33%"
"10/23/2025","61.16","59.63","61.62","59.38","450.93K","4.87%"
"10/22/2025","58.32","57.46","59.59","57.24","192.82K","1.89%"
"10/21/2025","57.24","56.95","58.08","56.35","314.21K","0.39%"
"10/20/2025","57.02","57.32","57.43","55.96","317.39K","-0.23%"
"10/17/2025","57.15","57.03","57.32","56.15","373.61K","0.28%"
"10/16/2025","56.99","58.34","58.63","56.78","276.29K","-1.47%"
"10/15/2025","57.84","58.15","58.93","57.78","229.48K","-0.74%"
"10/14/2025","58.27","59.17","59.39","57.29","232.45K","-1.35%"
"10/13/2025","59.07","58.65","59.69","58.41","0.56K","1.01%"
"10/10/2025","58.48","61.01","61.18","57.80","260.07K","-4.18%"
"10/09/2025","61.03","61.76","62.31","60.75","195.80K","-1.60%"
"10/08/2025","62.02","61.67","62.34","61.59","194.87K","1.14%"
"10/07/2025","61.32","61.39","61.68","60.40","164.25K","-0.03%"
"10/06/2025","61.34","60.70","61.69","60.68","135.66K","1.34%"
"10/03/2025","60.53","60.34","61.02","60.22","148.12K","0.62%"
"10/02/2025","60.16","61.41","62.13","60.06","196.05K","-2.00%"
"10/01/2025","61.39","62.03","62.47","61.03","151.83K","-0.92%"
"09/30/2025","61.96","62.75","62.80","61.63","164.90K","-1.67%"
"09/29/2025","63.01","64.56","64.86","62.59","177.61K","-3.27%"
"09/26/2025","65.14","64.62","65.77","64.10","178.63K","1.15%"
"09/25/2025","64.40","64.21","64.70","63.54","163.52K","0.02%"
"09/24/2025","64.39","63.18","64.43","62.77","202.07K","2.32%"
"09/23/2025","62.93","61.94","63.41","61.46","138.74K","1.04%"
"09/22/2025","62.28","62.30","63.00","61.61","223.78K","-0.19%"
"09/19/2025","62.40","63.28","63.35","62.20","268.02K","-1.36%"
"09/18/2025","63.26","63.67","64.20","63.03","233.54K","-0.69%"
"09/17/2025","63.70","64.23","64.32","63.35","193.57K","-0.72%"
"09/16/2025","64.16","63.03","64.39","62.62","217.97K","1.81%"
"09/15/2025","63.02","62.69","63.38","62.26","143.25K","0.96%"
"09/12/2025","62.42","61.95","63.66","61.42","187.66K","0.55%"
"09/11/2025","62.08","63.45","63.48","61.93","139.62K","-2.00%"
"09/10/2025","63.35","62.39","63.70","62.38","162.36K","1.70%"
"09/09/2025","62.29","62.04","63.27","61.98","173.58K","0.68%"
"09/08/2025","61.87","61.59","62.91","61.46","141.40K","0.67%"
"09/05/2025","61.46","62.83","63.05","61.06","150.47K","-2.49%"
"09/04/2025","63.03","63.41","63.45","62.32","134.49K","-0.85%"
"09/03/2025","63.57","65.02","65.19","63.34","154.88K","-2.32%"
"09/02/2025","65.08","63.47","65.43","63.13","141.60K","1.53%"
"09/01/2025","64.10","64.10","64.32","63.14","24.31K","1.01%"
"08/29/2025","63.46","63.73","64.00","63.34","80.98K","-0.95%"
"08/28/2025","64.07","63.37","64.15","62.87","111.87K","0.75%"
"08/27/2025","63.59","62.82","63.67","62.49","105.36K","1.26%"
"08/26/2025","62.80","64.23","64.28","62.70","86.86K","-2.35%"
"08/25/2025","64.31","63.46","64.60","63.11","71.47K","1.71%"
"08/22/2025","63.23","63.04","63.45","62.88","101.40K","0.19%"
"08/21/2025","63.11","62.44","63.23","62.20","127.17K","0.64%"
"08/20/2025","62.71","61.95","63.01","61.83","280.66K","1.52%"
"08/19/2025","61.77","62.58","62.68","61.65","288.94K","-1.48%"
"08/18/2025","62.70","62.19","63.01","61.45","265.44K","1.16%"
"08/15/2025","61.98","63.03","63.27","61.87","209.14K","-1.67%"
"08/14/2025","63.03","62.06","63.17","61.85","216.28K","1.78%"
"08/13/2025","61.93","62.38","62.59","61.29","211.24K","-0.88%"
"08/12/2025","62.48","63.20","63.48","62.35","205.01K","-0.97%"
"08/11/2025","63.09","62.65","63.54","62.21","146.96K","0.14%"
"08/08/2025","63.00","63.01","63.68","61.98","203.43K","-0.06%"
"08/07/2025","63.04","63.40","64.16","62.87","173.73K","-0.58%"
"08/06/2025","63.41","64.21","65.71","62.74","200.01K","-1.23%"
"08/05/2025","64.20","65.21","65.38","64.08","174.08K","-1.68%"
"08/04/2025","65.30","65.70","66.56","64.52","148.25K","-1.36%"
"08/01/2025","66.20","68.25","68.46","65.93","219.91K","-2.93%"
"07/31/2025","68.20","69.16","69.26","67.54","128.93K","-1.06%"
"07/30/2025","68.93","68.38","69.36","67.51","205.58K","0.95%"
"07/29/2025","68.28","66.18","68.80","65.76","186.84K","3.60%"
"07/28/2025","65.91","64.35","66.31","64.24","109.88K","2.44%"
"07/25/2025","64.34","65.25","65.82","64.18","121.63K","-1.21%"
"07/24/2025","65.13","64.66","65.49","64.49","142.88K","0.99%"
"07/23/2025","64.49","64.59","64.90","63.95","131.28K","-1.26%"
"07/22/2025","65.31","65.77","65.86","64.82","269.99K","-0.97%"
"07/21/2025","65.95","66.04","66.44","65.21","253.65K","-0.15%"
"07/18/2025","66.05","66.31","67.54","65.93","296.51K","-0.27%"
"07/17/2025","66.23","65.36","66.36","65.02","265.54K","1.60%"
"07/16/2025","65.19","65.49","65.79","64.38","259.22K","-0.28%"
"07/15/2025","65.37","65.67","66.06","65.18","236.06K","-0.67%"
"07/14/2025","65.81","67.35","68.16","65.64","229.76K","-1.83%"
"07/11/2025","67.04","65.69","67.37","65.30","172.24K","2.54%"
"07/10/2025","65.38","66.90","67.31","65.26","197.31K","-2.37%"
"07/09/2025","66.97","66.90","67.55","66.37","173.70K","-0.01%"
"07/08/2025","66.98","66.51","67.51","65.96","145.15K","0.74%"
"07/07/2025","66.49","64.38","66.84","64.10","196.98K","2.06%"
"07/04/2025","65.15","65.69","65.72","64.69","28.29K","-0.72%"
"07/03/2025","65.62","65.92","66.05","65.13","162.27K","-0.59%"
"07/02/2025","66.01","64.31","66.12","63.93","165.36K","2.90%"
"07/01/2025","64.15","63.67","64.57","63.42","113.33K","0.47%"
"06/30/2025","63.85","63.75","64.37","63.11","117.55K","-0.34%"
"06/27/2025","64.07","63.84","64.53","63.33","136.68K","0.39%"
"06/26/2025","63.82","63.53","64.88","63.28","125.37K","0.57%"
"06/25/2025","63.46","63.85","64.53","63.20","138.31K","0.49%"
"06/24/2025","63.15","66.48","66.64","62.84","242.09K","-6.12%"
"06/23/2025","67.27","75.65","75.98","65.49","324.33K","-8.90%"
"06/20/2025","73.84","72.96","75.74","72.32","678.38K","0.03%"
"06/19/2025","73.82","73.82","75.73","72.65","250.83K","0.44%"
"06/18/2025","73.50","74.00","74.27","71.33","524.54K","0.31%"
"06/17/2025","73.27","69.66","73.90","69.56","511.81K","4.30%"
"06/16/2025","70.25","75.50","75.50","67.84","456.70K","-1.46%"
"06/13/2025","71.29","67.50","74.63","67.11","715.81K","6.98%"
"06/12/2025","66.64","67.68","67.93","65.51","297.70K","-0.39%"
"06/11/2025","66.90","63.67","67.11","63.54","260.69K","4.68%"
"06/10/2025","63.91","64.10","65.10","63.51","207.74K","-0.48%"
"06/09/2025","64.22","63.81","64.34","63.27","137.42K","0.93%"
"06/06/2025","63.63","62.34","63.88","61.94","198.64K","1.84%"
"06/05/2025","62.48","61.86","62.98","61.60","169.52K","0.95%"
"06/04/2025","61.89","62.46","62.93","61.25","198.31K","-0.94%"
"06/03/2025","62.48","62.01","62.82","61.45","178.62K","1.53%"
"06/02/2025","61.54","60.02","62.69","60.02","229.10K","2.93%"
"05/30/2025","59.79","60.19","60.93","58.87","257.05K","-0.68%"
"05/29/2025","60.20","61.18","62.39","59.90","162.91K","-1.63%"
"05/28/2025","61.20","60.51","61.89","60.28","115.71K","1.44%"
"05/27/2025","60.33","61.06","61.53","59.72","118.67K","-0.84%"
"05/26/2025","60.84","60.84","61.42","60.64","14.11K","-0.15%"
"05/23/2025","60.93","60.24","61.23","59.46","119.62K","0.48%"
"05/22/2025","60.64","60.80","61.18","59.74","111.16K","-0.64%"
"05/21/2025","61.03","61.66","63.47","60.74","153.19K","-1.61%"
"05/20/2025","62.03","62.15","62.63","61.48","250.41K","-0.18%"
"05/19/2025","62.14","61.98","62.70","60.99","302.06K","0.27%"
"05/16/2025","61.97","61.22","62.18","60.78","250.32K","1.34%"
"05/15/2025","61.15","62.40","62.46","60.08","264.08K","-2.44%"
"05/14/2025","62.68","63.20","63.23","62.31","203.84K","-0.90%"
"05/13/2025","63.25","61.55","63.44","61.23","203.23K","2.75%"
"05/12/2025","61.56","60.97","63.13","60.56","243.29K","1.62%"
"05/09/2025","60.58","59.84","60.98","59.49","181.49K","1.78%"
"05/08/2025","59.52","57.55","59.87","57.37","183.83K","3.15%"
"05/07/2025","57.70","58.52","59.77","57.45","184.64K","-1.67%"
"05/06/2025","58.68","56.82","59.37","56.67","210.57K","3.40%"
"05/05/2025","56.75","56.38","57.28","54.95","180.04K","-1.87%"
"05/02/2025","57.83","58.40","59.29","57.22","184.89K","-1.45%"
"05/01/2025","58.68","57.62","58.91","55.86","191.14K","1.84%"
"04/30/2025","57.62","59.62","59.86","57.38","230.35K","-3.71%"
"04/29/2025","59.84","61.23","61.39","59.56","183.18K","-2.49%"
"04/28/2025","61.37","62.65","63.21","60.82","164.66K","-1.54%"
"04/25/2025","62.33","62.17","62.68","61.17","155.01K","0.31%"
"04/24/2025","62.14","61.65","62.62","61.38","136.85K","0.83%"
"04/23/2025","61.63","63.41","64.09","60.84","195.89K","-3.20%"
"04/22/2025","63.67","62.73","64.36","62.72","297.93K","2.02%"
"04/21/2025","62.41","63.65","63.78","61.76","277.51K","-2.50%"
"04/17/2025","64.01","61.96","64.18","61.96","295.51K","3.53%"
"04/16/2025","61.83","60.96","62.31","59.87","286.53K","1.78%"
"04/15/2025","60.75","61.09","61.57","60.38","206.48K","-0.49%"
"04/14/2025","61.05","61.15","62.07","60.12","224.09K","0.25%"
"04/11/2025","60.90","59.79","61.20","59.00","247.70K","2.13%"
"04/10/2025","59.63","62.15","62.71","58.29","309.35K","-3.54%"
"04/09/2025","61.82","57.94","62.38","54.67","461.80K","4.60%"
"04/08/2025","59.10","60.70","61.43","57.50","491.07K","-2.22%"
"04/07/2025","60.44","60.89","63.53","58.71","405.49K","-1.96%"
"04/04/2025","61.65","66.13","66.41","60.12","372.85K","-7.25%"
"04/03/2025","66.47","69.80","69.93","65.60","332.90K","-6.68%"
"04/02/2025","71.23","70.70","71.76","70.11","187.44K","0.69%"
"04/01/2025","70.74","70.84","71.52","70.58","206.04K","-0.30%"
"03/31/2025","70.95","69.00","71.24","68.38","214.09K","2.98%"
"03/28/2025","68.90","69.48","69.63","68.42","145.06K","-0.85%"
"03/27/2025","69.49","69.45","69.53","68.72","123.78K","0.40%"
"03/26/2025","69.21","68.76","69.73","68.65","167.48K","0.89%"
"03/25/2025","68.60","68.74","69.21","68.12","160.22K","-0.09%"
"03/24/2025","68.66","67.95","68.87","67.58","165.72K","1.13%"
"03/21/2025","67.89","67.99","68.24","67.27","114.71K","-0.26%"
"03/20/2025","68.07","67.03","68.41","66.63","283.38K","1.73%"
"03/19/2025","66.91","66.59","67.43","66.09","279.54K","0.24%"
"03/18/2025","66.75","67.28","68.50","66.44","300.32K","-0.92%"
"03/17/2025","67.37","67.10","68.10","67.01","210.19K","0.69%"
"03/14/2025","66.91","66.48","67.19","66.33","161.84K","0.97%"
"03/13/2025","66.27","67.38","67.65","66.08","212.01K","-1.65%"
"03/12/2025","67.38","66.31","67.53","65.83","175.05K","2.20%"
"03/11/2025","65.93","65.60","66.79","65.00","134.71K","0.38%"
"03/10/2025","65.68","66.78","67.24","65.45","173.46K","-1.60%"
"03/07/2025","66.75","66.03","67.84","65.81","188.03K","1.14%"
"03/06/2025","66.00","65.93","66.52","65.26","229.33K","0.14%"
"03/05/2025","65.91","67.64","67.69","64.85","187.68K","-2.64%"
"03/04/2025","67.70","68.02","68.04","66.37","236.91K","-0.53%"
"03/03/2025","68.06","69.55","70.19","67.59","186.66K","-1.85%"
"02/28/2025","69.34","69.76","69.83","68.77","120.02K","-0.87%"
"02/27/2025","69.95","68.49","70.13","68.32","129.54K","2.42%"
"02/26/2025","68.30","68.88","69.02","68.10","123.83K","-0.57%"
"02/25/2025","68.69","70.67","70.98","68.43","116.71K","-2.50%"
"02/24/2025","70.45","69.65","70.66","69.65","87.46K","0.33%"
"02/21/2025","70.22","72.37","72.55","70.00","115.76K","-3.12%"
"02/20/2025","72.48","72.09","73.14","71.73","240.06K","0.53%"
"02/19/2025","72.10","71.77","72.91","71.69","256.51K","0.38%"
"02/18/2025","71.83","70.69","72.04","70.12","335.62K","1.58%"
"02/14/2025","70.71","71.38","71.88","70.50","213.47K","-0.60%"
"02/13/2025","71.14","71.08","71.46","70.16","220.02K","-0.14%"
"02/12/2025","71.24","72.98","73.00","71.03","221.77K","-2.52%"
"02/11/2025","73.08","72.11","73.33","72.00","195.49K","1.49%"
"02/10/2025","72.01","70.77","72.20","70.61","160.44K","1.80%"
"02/07/2025","70.74","70.32","71.11","70.23","157.77K","0.53%"
"02/06/2025","70.37","70.88","71.52","70.20","172.95K","-0.52%"
"02/05/2025","70.74","72.34","72.53","70.69","155.09K","-2.21%"
"02/04/2025","72.34","71.79","72.87","70.25","252.42K","-0.07%"
"02/03/2025","72.39","73.25","74.06","71.48","302.18K","0.57%"
"01/31/2025","71.98","72.62","73.10","71.42","193.20K","-0.28%"
"01/30/2025","72.18","72.32","73.09","71.39","181.40K","0.28%"
"01/29/2025","71.98","73.06","73.16","71.70","157.24K","-1.32%"
"01/28/2025","72.94","72.46","73.48","72.20","150.27K","0.61%"
"01/27/2025","72.50","73.81","74.32","71.77","157.05K","-1.97%"
"01/24/2025","73.96","73.73","74.51","73.41","145.49K","-0.08%"
"01/23/2025","74.02","74.64","75.27","73.58","157.25K","-0.90%"
"01/22/2025","74.69","75.12","75.54","74.54","163.81K","-1.50%"
"01/21/2025","75.83","77.57","77.86","75.05","568.81K","-2.02%"
"01/17/2025","77.39","77.91","78.55","77.14","351.89K","-0.59%"
"01/16/2025","77.85","79.05","79.21","76.93","482.83K","-1.09%"
"01/15/2025","78.71","76.84","79.39","76.16","355.67K","3.06%"
"01/14/2025","76.37","77.24","77.51","76.20","338.20K","-1.20%"
"01/13/2025","77.30","75.68","77.64","75.67","493.44K","2.05%"
"01/10/2025","75.75","73.57","76.89","73.33","448.29K","3.43%"
"01/09/2025","73.24","72.66","73.61","72.20","162.00K","0.78%"
"01/08/2025","72.67","73.81","74.44","72.51","261.48K","-1.22%"
"01/07/2025","73.57","72.81","73.82","72.51","188.74K","0.89%"
"01/06/2025","72.92","73.31","74.18","72.54","221.84K","-0.40%"
"01/03/2025","73.21","72.46","73.50","72.10","220.66K","0.98%"
"01/02/2025","72.50","71.45","73.12","71.31","182.49K","1.75%"
"12/31/2024","71.25","70.69","71.52","70.43","63.63K","1.02%"
"12/30/2024","70.53","70.00","71.05","69.75","93.10K","0.50%"
"12/27/2024","70.18","69.27","70.32","69.06","79.13K","1.37%"
"12/26/2024","69.23","69.72","70.25","68.94","69.64K","-0.59%"
"12/24/2024","69.64","69.04","69.94","68.95","40.39K","1.21%"
"12/23/2024","68.81","68.97","69.50","68.22","90.95K","-0.30%"
"12/20/2024","69.02","68.83","69.38","68.05","114.62K","-0.52%"
"12/19/2024","69.38","69.60","70.58","69.10","291.66K","-0.91%"
"12/18/2024","70.02","69.82","70.80","69.39","326.61K","0.53%"
"12/17/2024","69.65","70.23","70.54","68.81","280.90K","-0.91%"
"12/16/2024","70.29","71.00","71.00","69.98","210.75K","-0.75%"
"12/13/2024","70.82","69.64","70.94","69.51","201.26K","1.67%"
"12/12/2024","69.66","69.97","70.27","68.74","231.02K","-0.30%"
"12/11/2024","69.87","68.15","70.08","68.12","231.68K","2.34%"
"12/10/2024","68.27","67.86","68.72","67.45","157.46K","0.26%"
"12/09/2024","68.09","66.93","68.59","66.85","176.71K","1.66%"
"12/06/2024","66.98","68.08","68.13","66.71","207.12K","-1.44%"
"12/05/2024","67.96","68.38","68.77","67.66","129.14K","-0.34%"
"12/04/2024","68.19","69.58","70.11","68.14","141.67K","-1.94%"
"12/03/2024","69.54","67.89","69.83","67.65","134.42K","2.51%"
"12/02/2024","67.84","67.77","68.83","67.44","95.00K","0.18%"
"11/29/2024","67.72","68.39","69.32","67.60","106.39K","-0.92%"
"11/27/2024","68.35","68.57","69.01","67.81","87.85K","-0.13%"
"11/26/2024","68.44","68.70","69.91","67.73","98.59K","-0.20%"
"11/25/2024","68.58","70.96","70.96","68.36","146.70K","-3.09%"
"11/22/2024","70.77","69.85","71.02","68.96","209.42K","1.43%"
"11/21/2024","69.77","68.83","70.09","68.62","131.44K","1.48%"
"11/20/2024","68.75","69.28","69.96","68.64","235.64K","-0.71%"
"11/19/2024","69.24","69.08","69.74","68.48","349.70K","0.10%"
"11/18/2024","69.17","66.77","69.37","66.53","300.55K","3.36%"
"11/15/2024","66.92","68.45","68.51","66.71","200.77K","-2.35%"
"11/14/2024","68.53","67.97","69.24","67.77","176.09K","0.40%"
"11/13/2024","68.26","67.82","68.69","66.80","254.21K","0.43%"
"11/12/2024","67.97","68.04","68.97","67.65","181.18K","0.07%"
"11/11/2024","67.92","69.99","70.30","67.79","215.31K","-3.12%"
"11/08/2024","70.11","71.80","71.87","69.67","211.74K","-2.57%"
"11/07/2024","71.96","71.41","72.41","70.27","187.30K","1.01%"
"11/06/2024","71.24","71.57","72.18","69.35","158.53K","-0.45%"
"11/05/2024","71.56","71.17","72.20","70.86","108.65K","0.75%"
"11/04/2024","71.03","69.87","71.36","69.84","108.26K","2.82%"
"11/01/2024","69.08","69.96","70.95","68.90","110.38K","0.39%"
"10/31/2024","68.81","68.65","70.31","67.87","109.20K","0.92%"
"10/30/2024","68.18","66.97","68.73","66.88","92.73K","2.05%"
"10/29/2024","66.81","67.63","68.09","66.32","93.13K","-0.25%"
"10/28/2024","66.98","68.58","68.60","66.59","141.39K","-6.12%"
"10/25/2024","71.35","70.02","71.52","69.63","99.41K","2.16%"
"10/24/2024","69.84","70.62","71.87","69.41","83.73K","-0.75%"
"10/23/2024","70.37","70.94","71.29","69.76","119.31K","-1.91%"
"10/22/2024","71.74","69.96","72.09","69.35","330.46K","2.43%"
"10/21/2024","70.04","68.94","70.39","68.46","302.75K","1.97%"
"10/18/2024","68.69","70.17","70.67","68.17","335.56K","-2.00%"
"10/17/2024","70.09","70.11","70.53","68.89","228.84K","0.39%"
"10/16/2024","69.82","70.39","70.69","69.12","181.55K","-0.27%"
"10/15/2024","70.01","71.14","71.57","69.20","244.86K","-4.41%"
"10/14/2024","73.24","74.26","74.35","71.24","174.47K","-2.15%"
"10/11/2024","74.85","75.00","75.28","73.85","217.34K","-0.35%"
"10/10/2024","75.11","72.73","75.45","72.62","206.39K","3.47%"
"10/09/2024","72.59","73.27","73.82","71.00","228.02K","-0.53%"
"10/08/2024","72.98","76.63","77.70","72.12","329.53K","-4.56%"
"10/07/2024","76.47","73.76","76.70","73.01","257.21K","3.79%"
"10/04/2024","73.68","73.35","74.84","72.94","262.04K","0.70%"
"10/03/2024","73.17","70.49","73.51","70.08","275.08K","4.99%"
"10/02/2024","69.69","70.30","71.95","69.45","241.14K","0.43%"
"10/01/2024","69.39","68.05","71.36","65.99","353.03K","2.39%"
"09/30/2024","67.77","68.08","68.83","67.14","189.29K","0.15%"
"09/27/2024","67.67","66.95","68.13","66.58","169.90K","0.71%"
"09/26/2024","67.19","69.30","69.47","66.49","274.69K","-2.81%"
"09/25/2024","69.13","70.84","71.04","68.69","272.17K","-2.41%"
"09/24/2024","70.84","69.96","71.60","69.69","167.02K","1.77%"
"09/23/2024","69.61","70.43","70.94","68.73","185.35K","-1.96%"
"09/20/2024","71.00","71.18","71.45","70.37","307.00K","-0.22%"
"09/19/2024","71.16","69.15","71.53","69.13","354.93K","1.83%"
"09/18/2024","69.88","69.98","70.31","68.58","367.19K","-0.11%"
"09/17/2024","69.96","69.35","70.65","68.51","289.93K","1.36%"
"09/16/2024","69.02","68.22","69.61","67.70","235.88K","1.87%"
"09/13/2024","67.75","68.35","69.35","67.58","230.30K","-0.59%"
"09/12/2024","68.15","66.68","68.93","66.55","221.59K","2.33%"
"09/11/2024","66.60","65.73","67.14","64.99","237.20K","2.24%"
"09/10/2024","65.14","67.97","68.30","64.61","257.97K","-4.08%"
"09/09/2024","67.91","67.42","68.14","66.61","163.36K","1.39%"
"09/06/2024","66.98","68.66","69.41","66.51","165.62K","-2.22%"
"09/05/2024","68.50","68.52","70.01","68.13","210.22K","-0.03%"
"09/04/2024","68.52","69.54","70.61","68.16","235.03K","-1.54%"
"09/03/2024","69.59","72.64","73.35","69.37","231.78K","-4.21%"
"08/30/2024","72.65","74.69","75.31","72.46","210.33K","-2.71%"
"08/29/2024","74.67","73.31","75.51","72.92","224.37K","1.67%"
"08/28/2024","73.44","74.71","74.88","72.92","131.59K","-1.37%"
"08/27/2024","74.46","75.93","76.21","74.34","154.88K","-2.24%"
"08/26/2024","76.17","74.13","76.40","74.08","209.30K","3.03%"
"08/23/2024","73.93","72.21","74.17","72.12","131.32K","2.28%"
"08/22/2024","72.28","71.36","72.77","71.00","143.77K","1.37%"
"08/21/2024","71.30","72.42","73.39","70.88","178.98K","-2.56%"
"08/20/2024","73.17","73.74","74.38","72.54","329.28K","-0.67%"
"08/19/2024","73.66","75.47","75.73","73.45","422.10K","-2.49%"
"08/16/2024","75.54","76.81","76.98","74.52","317.68K","-1.88%"
"08/15/2024","76.99","76.07","77.38","75.70","237.54K","1.52%"
"08/14/2024","75.84","77.10","77.52","75.66","344.94K","-1.25%"
"08/13/2024","76.80","78.09","78.43","76.65","283.20K","-2.12%"
"08/12/2024","78.46","75.62","78.54","75.44","244.98K","3.77%"
"08/09/2024","75.61","74.86","75.79","74.70","143.83K","0.76%"
"08/08/2024","75.04","74.37","75.27","73.53","205.55K","1.17%"
"08/07/2024","74.17","72.00","74.73","71.75","215.90K","2.53%"
"08/06/2024","72.34","73.14","73.77","71.46","175.21K","0.19%"
"08/05/2024","72.20","73.26","73.53","70.88","228.05K","-1.35%"
"08/03/2024","73.19","73.19","73.19","73.19","","0.83%"
"08/02/2024","72.59","75.89","76.30","72.12","216.86K","-3.73%"
"08/01/2024","75.40","77.47","77.72","75.32","182.47K","-1.87%"
"07/31/2024","76.84","74.37","77.54","74.27","239.72K","4.01%"
"07/30/2024","73.88","74.87","74.92","73.73","229.37K","-1.23%"
"07/29/2024","74.80","76.02","76.52","74.34","178.81K","-0.69%"
"07/27/2024","75.32","75.32","75.32","75.32","","-0.89%"
"07/26/2024","76.00","77.18","77.41","75.08","161.41K","-1.44%"
"07/25/2024","77.11","76.43","77.28","75.05","224.03K","0.69%"
"07/24/2024","76.58","76.35","77.08","75.93","184.20K","0.87%"
"07/23/2024","75.92","77.15","77.63","75.45","191.99K","-3.16%"
"07/22/2024","78.40","78.95","79.13","77.55","345.24K","-0.25%"
"07/20/2024","78.60","78.60","78.60","78.60","","-0.05%"
"07/19/2024","78.64","80.88","81.34","78.59","427.06K","-3.27%"
"07/18/2024","81.30","81.68","82.27","80.61","398.37K","-0.17%"
"07/17/2024","81.44","79.82","81.63","79.43","419.58K","2.17%"
"07/16/2024","79.71","80.85","80.87","79.22","272.20K","-1.40%"
"07/15/2024","80.84","80.96","81.35","80.36","216.42K","-0.16%"
"07/13/2024","80.97","80.97","80.97","80.97","","-0.06%"
"07/12/2024","81.02","81.55","82.29","80.91","276.67K","-0.44%"
"07/11/2024","81.38","81.35","81.83","80.60","205.10K","0.38%"
"07/10/2024","81.07","80.92","81.60","79.95","193.21K","0.63%"
"07/09/2024","80.56","81.45","81.65","80.42","166.79K","-1.18%"
"07/08/2024","81.52","82.36","82.50","81.29","143.02K","-0.90%"
"07/05/2024","82.26","82.75","83.58","82.19","168.80K","-0.92%"
"07/04/2024","83.02","82.78","83.25","82.23","37.40K","0.00%"
"07/03/2024","83.02","82.25","83.07","81.59","156.73K","1.36%"
"07/02/2024","81.91","82.39","83.22","81.83","225.17K","-0.50%"
"07/01/2024","82.32","80.56","82.58","80.49","214.49K","2.16%"
"06/29/2024","80.58","80.58","80.58","80.58","","-0.07%"
"06/28/2024","80.64","80.96","81.78","80.15","110.62K","-0.24%"
"06/27/2024","80.83","80.14","81.21","79.81","158.90K","0.80%"
"06/26/2024","80.19","79.97","80.85","79.50","147.98K","0.15%"
"06/25/2024","80.07","80.97","81.12","79.80","173.57K","-0.98%"
"06/24/2024","80.86","79.77","80.99","79.52","158.61K","1.25%"
"06/22/2024","79.86","79.86","79.86","79.86","","-0.13%"
"06/21/2024","79.96","80.44","80.94","79.59","163.22K","-1.64%"
"06/20/2024","81.29","80.75","81.52","80.30","420.50K","0.86%"
"06/19/2024","80.60","80.78","81.15","80.31","134.64K","-0.14%"
"06/18/2024","80.71","79.92","80.85","79.17","485.71K","1.24%"
"06/17/2024","79.72","78.12","80.01","77.58","402.74K","2.14%"
"06/14/2024","78.05","77.65","78.80","77.42","316.38K","-0.27%"
"06/13/2024","78.26","78.01","78.54","77.35","301.73K","0.14%"
"06/12/2024","78.15","77.80","78.94","77.56","209.18K","0.77%"
"06/11/2024","77.55","77.65","77.99","76.86","202.57K","0.28%"
"06/10/2024","77.33","74.97","77.85","74.94","181.84K","2.81%"
"06/07/2024","75.22","75.38","75.90","74.93","139.59K","-0.03%"
"06/06/2024","75.24","74.03","75.47","73.82","145.06K","1.92%"
"06/05/2024","73.82","72.72","74.07","72.69","159.60K","1.04%"
"06/04/2024","73.06","73.89","73.99","72.44","209.68K","-1.39%"
"06/03/2024","74.09","76.73","77.23","73.84","219.93K","-3.44%"
"05/31/2024","76.73","77.50","78.27","76.37","157.56K","-1.04%"
"05/30/2024","77.54","78.87","78.97","77.30","176.67K","-1.60%"
"05/29/2024","78.80","79.78","80.11","78.57","123.48K","-0.69%"
"05/28/2024","79.35","77.36","79.79","77.24","121.48K","1.51%"
"05/27/2024","78.17","77.36","78.31","77.27","14.79K","1.06%"
"05/26/2024","77.35","77.36","77.37","77.24","0.78K","0.16%"
"05/24/2024","77.23","76.62","77.55","75.75","139.52K","1.01%"
"05/23/2024","76.46","76.90","78.21","76.03","125.72K","-0.89%"
"05/22/2024","77.15","77.90","78.03","76.85","139.45K","-1.92%"
"05/21/2024","78.66","79.23","79.30","77.65","371.67K","-0.81%"
"05/20/2024","79.30","79.58","80.11","78.67","342.09K","-0.28%"
"05/18/2024","79.52","79.52","79.52","79.52","","-0.08%"
"05/17/2024","79.58","78.92","79.66","78.58","321.03K","1.07%"
"05/16/2024","78.74","78.36","79.30","77.75","277.25K","0.74%"
"05/15/2024","78.16","78.03","78.43","76.36","299.56K","0.66%"
"05/14/2024","77.65","78.72","78.86","77.26","259.53K","-1.21%"
"05/13/2024","78.60","77.76","78.99","77.35","200.28K","1.04%"
"05/11/2024","77.79","77.79","77.79","77.79","","-0.06%"
"05/10/2024","77.84","79.11","79.47","77.73","164.35K","-1.22%"
"05/09/2024","78.80","78.79","79.32","78.46","184.46K","0.31%"
"05/08/2024","78.56","77.96","78.80","76.63","228.44K","0.64%"
"05/07/2024","78.06","78.39","78.80","77.29","192.57K","-0.10%"
"05/06/2024","78.14","77.88","78.68","77.56","152.59K","0.67%"
"05/04/2024","77.62","77.62","77.62","77.62","","-0.18%"
"05/03/2024","77.76","78.61","79.17","77.62","217.26K","-0.92%"
"05/02/2024","78.48","78.60","79.34","77.91","174.67K","0.05%"
"05/01/2024","78.44","80.86","80.90","78.28","235.28K","-3.49%"
"04/30/2024","81.28","82.16","82.65","80.34","233.66K","-0.91%"
"04/29/2024","82.03","82.99","83.19","81.81","170.81K","-1.11%"
"04/27/2024","82.95","82.95","82.95","82.95","","-0.22%"
"04/26/2024","83.13","82.97","83.63","82.59","98.78K","0.46%"
"04/25/2024","82.75","82.09","83.00","81.27","132.56K","0.80%"
"04/24/2024","82.09","82.60","82.90","81.71","142.45K","-0.57%"
"04/23/2024","82.56","81.43","82.62","80.25","172.23K","0.81%"
"04/22/2024","81.90","81.84","82.29","80.70","313.91K","-0.26%"
"04/20/2024","82.11","82.11","82.11","82.11","","-0.13%"
"04/19/2024","82.22","81.99","85.64","81.13","556.46K","0.15%"
"04/18/2024","82.10","82.28","82.84","81.06","366.75K","-0.06%"
"04/17/2024","82.15","84.82","84.97","82.01","387.63K","-3.16%"
"04/16/2024","84.83","85.16","85.60","84.22","217.44K","-0.04%"
"04/15/2024","84.86","84.99","85.50","83.49","253.34K","0.00%"
"04/13/2024","84.86","84.86","84.86","84.86","","-0.26%"
"04/12/2024","85.08","85.00","86.97","84.67","245.33K","0.75%"
"04/11/2024","84.45","85.60","85.89","84.25","249.97K","-1.16%"
"04/10/2024","85.44","84.57","85.60","83.86","233.96K","1.16%"
"04/09/2024","84.46","85.69","86.07","84.29","198.56K","-1.25%"
"04/08/2024","85.53","85.19","86.21","83.93","207.99K","-0.66%"
"04/05/2024","86.10","85.98","86.83","85.62","211.84K","0.34%"
"04/04/2024","85.81","84.82","86.41","83.94","218.70K","1.42%"
"04/03/2024","84.61","84.54","85.27","83.99","190.90K","0.46%"
"04/02/2024","84.22","83.14","84.56","82.96","197.83K","1.69%"